Person i,Observation j,X,Y,
1,1,1.236,1.650,
1,2,0.984,0.850,
1,3,1.279,0.976,
1,4,0.428,0.394,
1,5,1.029,0.601,
1,6,1.091,1.712,
1,7,1.277,1.183,
1,8,0.919,1.238,
1,9,0.916,1.072,
1,10,0.777,1.047,
1,11,0.514,1.538,
1,12,1.183,0.334,
1,13,1.032,1.654,
1,14,1.321,1.372,
1,15,1.506,1.445,
1,16,1.546,1.364,
1,17,1.012,0.571,
1,18,0.618,1.588,
1,19,1.022,1.901,
1,20,0.895,1.863,
1,21,0.559,0.565,
1,22,0.688,0.628,
1,23,1.243,1.883,
1,24,1.046,0.992,
1,25,1.388,1.764,
1,26,0.922,0.538,
1,27,0.417,1.184,
1,28,0.757,1.104,
1,29,1.116,1.174,
1,30,1.392,2.113,
1,31,1.142,1.861,
1,32,0.764,0.809,
1,33,1.410,1.688,
1,34,0.778,0.157,
1,35,1.500,2.004,
1,36,0.700,1.086,
1,37,1.087,1.329,
1,38,1.394,1.245,
1,39,1.318,1.821,
1,40,0.845,0.948,
1,41,0.905,0.415,
1,42,0.958,2.012,
1,43,0.644,1.807,
1,44,0.971,0.397,
1,45,0.846,1.626,
1,46,1.101,1.446,
1,47,1.089,0.919,
1,48,0.786,1.395,
1,49,0.815,1.031,
1,50,0.734,1.042,
2,1,1.536,0.501,
2,2,0.906,0.364,
2,3,0.664,0.236,
2,4,1.229,-0.538,
2,5,1.117,-0.186,
2,6,1.121,-0.012,
2,7,0.036,0.424,
2,8,1.535,0.367,
2,9,1.159,0.865,
2,10,0.877,0.350,
2,11,0.540,-0.595,
2,12,0.871,0.680,
2,13,1.486,-0.071,
2,14,0.980,0.414,
2,15,0.858,0.666,
2,16,-0.086,-0.067,
2,17,0.988,1.466,
2,18,0.637,0.091,
2,19,1.630,1.632,
2,20,1.308,-0.293,
2,21,1.262,1.158,
2,22,1.655,0.759,
2,23,0.700,0.630,
2,24,0.421,0.446,
2,25,0.377,0.252,
2,26,1.423,0.199,
2,27,0.792,1.275,
2,28,0.515,-0.063,
2,29,0.746,0.789,
2,30,1.047,-0.166,
2,31,1.161,1.063,
2,32,1.248,1.016,
2,33,1.309,0.934,
2,34,0.658,1.390,
2,35,0.544,-0.183,
2,36,1.277,0.270,
2,37,0.540,0.100,
2,38,0.892,0.751,
2,39,0.728,1.036,
2,40,1.006,0.235,
2,41,0.809,-0.604,
2,42,1.700,0.879,
2,43,1.893,0.979,
2,44,0.647,0.360,
2,45,1.263,0.874,
2,46,1.757,0.228,
2,47,1.516,0.887,
2,48,0.403,-0.304,
2,49,1.760,0.059,
2,50,0.729,0.528,
3,1,0.446,0.360,
3,2,1.322,0.762,
3,3,0.312,0.076,
3,4,1.058,1.626,
3,5,0.900,1.738,
3,6,1.440,0.896,
3,7,0.152,0.765,
3,8,1.635,0.728,
3,9,0.631,0.031,
3,10,0.984,-0.406,
3,11,0.509,-0.147,
3,12,1.481,2.494,
3,13,0.658,0.488,
3,14,0.434,-0.110,
3,15,1.511,1.764,
3,16,1.466,0.313,
3,17,1.067,1.435,
3,18,1.095,1.785,
3,19,1.693,1.500,
3,20,0.630,0.909,
3,21,1.078,0.514,
3,22,2.313,2.160,
3,23,1.361,1.020,
3,24,0.782,0.401,
3,25,0.993,1.622,
3,26,1.341,1.157,
3,27,1.231,0.779,
3,28,1.166,0.399,
3,29,1.003,0.905,
3,30,1.500,1.142,
3,31,0.794,0.848,
3,32,0.499,0.035,
3,33,0.131,0.292,
3,34,1.101,0.688,
3,35,1.095,1.206,
3,36,1.351,1.703,
3,37,1.027,0.352,
3,38,0.787,1.088,
3,39,1.912,1.090,
3,40,0.572,0.747,
3,41,1.352,1.784,
3,42,0.815,0.438,
3,43,1.183,0.764,
3,44,0.173,0.150,
3,45,1.227,0.635,
3,46,1.187,0.791,
3,47,1.519,1.874,
3,48,0.679,0.498,
3,49,0.105,-0.991,
3,50,1.477,3.234,
4,1,1.191,0.936,
4,2,1.159,1.392,
4,3,1.172,0.799,
4,4,-0.021,-0.326,
4,5,0.697,-0.169,
4,6,0.801,0.504,
4,7,-0.005,0.871,
4,8,0.115,-0.641,
4,9,0.813,0.894,
4,10,1.806,1.878,
4,11,0.877,-0.167,
4,12,0.718,0.314,
4,13,1.067,1.503,
4,14,1.124,1.259,
4,15,1.312,0.974,
4,16,0.971,0.702,
4,17,0.995,0.106,
4,18,0.794,0.997,
4,19,1.190,0.944,
4,20,0.949,0.615,
4,21,1.304,1.789,
4,22,0.662,0.035,
4,23,0.566,0.494,
4,24,1.408,2.086,
4,25,1.064,-0.019,
4,26,1.232,0.837,
4,27,0.685,0.809,
4,28,1.386,1.091,
4,29,1.022,0.585,
4,30,0.913,0.924,
4,31,1.649,1.853,
4,32,1.090,0.869,
4,33,0.463,-0.465,
4,34,0.669,0.201,
4,35,1.964,2.812,
4,36,0.572,0.265,
4,37,0.944,2.015,
4,38,0.685,0.604,
4,39,0.616,1.372,
4,40,1.340,0.694,
4,41,0.987,0.714,
4,42,0.677,0.429,
4,43,0.824,1.266,
4,44,0.540,-0.530,
4,45,1.661,1.868,
4,46,1.250,1.351,
4,47,1.196,1.588,
4,48,0.464,1.555,
4,49,1.144,2.018,
4,50,0.656,-0.131,
5,1,0.658,0.435,
5,2,0.608,0.503,
5,3,1.397,1.252,
5,4,0.909,0.680,
5,5,1.178,1.674,
5,6,1.366,1.297,
5,7,0.422,0.970,
5,8,1.111,1.156,
5,9,0.974,1.237,
5,10,1.482,1.292,
5,11,1.284,1.848,
5,12,0.873,0.879,
5,13,1.382,1.600,
5,14,0.619,0.989,
5,15,1.231,1.540,
5,16,1.296,2.076,
5,17,0.972,1.263,
5,18,0.898,1.204,
5,19,0.575,0.851,
5,20,0.504,0.005,
5,21,0.799,1.644,
5,22,0.065,0.336,
5,23,1.068,1.626,
5,24,1.298,1.266,
5,25,1.247,1.102,
5,26,0.579,0.101,
5,27,0.149,0.141,
5,28,0.554,0.867,
5,29,0.762,1.462,
5,30,1.260,0.877,
5,31,1.080,1.173,
5,32,1.154,0.496,
5,33,0.890,0.997,
5,34,0.948,1.066,
5,35,0.587,1.015,
5,36,0.764,1.197,
5,37,0.587,1.680,
5,38,1.135,1.106,
5,39,0.659,1.251,
5,40,0.974,1.066,
5,41,1.134,1.279,
5,42,1.346,0.828,
5,43,1.004,0.877,
5,44,0.905,0.419,
5,45,0.601,0.171,
5,46,0.501,0.576,
5,47,1.639,1.871,
5,48,1.382,1.898,
5,49,0.981,0.479,
5,50,0.885,0.299,
6,1,1.128,0.252,
6,2,0.673,-0.306,
6,3,0.837,0.996,
6,4,1.002,0.094,
6,5,1.558,0.713,
6,6,1.275,1.248,
6,7,0.757,0.291,
6,8,0.701,0.289,
6,9,1.125,1.634,
6,10,1.160,0.594,
6,11,1.183,1.214,
6,12,0.963,0.690,
6,13,0.797,0.360,
6,14,0.587,0.801,
6,15,1.492,0.844,
6,16,1.092,0.116,
6,17,-0.045,-0.473,
6,18,-0.283,-0.563,
6,19,1.287,1.556,
6,20,0.519,-0.072,
6,21,0.664,-0.030,
6,22,0.581,0.594,
6,23,0.867,0.763,
6,24,1.537,0.183,
6,25,1.072,0.353,
6,26,0.537,1.769,
6,27,1.364,0.696,
6,28,1.034,0.823,
6,29,1.233,0.614,
6,30,0.664,0.347,
6,31,0.880,1.069,
6,32,1.216,1.104,
6,33,1.061,0.332,
6,34,0.590,0.076,
6,35,0.884,0.315,
6,36,0.444,0.346,
6,37,0.873,0.002,
6,38,0.858,0.723,
6,39,0.860,0.668,
6,40,1.098,1.018,
6,41,1.290,0.636,
6,42,1.672,1.714,
6,43,1.279,0.316,
6,44,0.707,0.656,
6,45,1.827,1.285,
6,46,1.055,1.308,
6,47,0.871,0.996,
6,48,1.127,0.782,
6,49,0.820,0.557,
6,50,0.765,0.392,
7,1,0.898,1.087,
7,2,1.095,1.129,
7,3,1.059,0.804,
7,4,0.292,-0.213,
7,5,1.365,2.104,
7,6,0.919,0.633,
7,7,1.507,1.454,
7,8,0.852,1.229,
7,9,1.158,1.091,
7,10,1.260,2.091,
7,11,0.535,1.403,
7,12,0.740,1.625,
7,13,1.608,1.802,
7,14,1.587,1.517,
7,15,1.197,1.159,
7,16,0.323,0.528,
7,17,1.597,1.708,
7,18,1.086,1.645,
7,19,0.660,0.379,
7,20,1.571,2.465,
7,21,0.861,2.366,
7,22,1.076,1.287,
7,23,1.426,2.680,
7,24,1.459,1.499,
7,25,1.286,2.033,
7,26,0.195,0.747,
7,27,1.513,2.234,
7,28,1.639,1.227,
7,29,1.100,1.232,
7,30,0.555,0.777,
7,31,1.364,1.970,
7,32,1.571,1.390,
7,33,1.226,1.128,
7,34,0.747,0.583,
7,35,1.173,1.438,
7,36,0.672,-0.019,
7,37,0.809,1.790,
7,38,1.101,1.882,
7,39,0.166,0.209,
7,40,0.924,2.095,
7,41,0.789,0.728,
7,42,1.068,1.194,
7,43,1.460,1.223,
7,44,1.226,1.932,
7,45,1.143,0.606,
7,46,1.356,1.802,
7,47,0.897,1.127,
7,48,0.819,0.861,
7,49,1.284,0.608,
7,50,0.595,1.988,
8,1,0.636,0.797,
8,2,0.818,0.911,
8,3,1.638,1.334,
8,4,1.431,1.064,
8,5,0.755,0.240,
8,6,0.920,0.916,
8,7,1.472,1.681,
8,8,0.732,1.311,
8,9,1.325,1.867,
8,10,1.183,1.306,
8,11,0.612,1.025,
8,12,0.636,1.252,
8,13,1.176,0.801,
8,14,1.088,0.614,
8,15,1.206,0.680,
8,16,1.154,0.919,
8,17,1.109,0.860,
8,18,0.111,-0.317,
8,19,0.671,1.691,
8,20,0.630,1.091,
8,21,1.490,2.412,
8,22,0.634,0.618,
8,23,1.020,1.517,
8,24,1.294,1.038,
8,25,0.944,1.235,
8,26,1.066,1.258,
8,27,0.416,0.878,
8,28,1.268,1.793,
8,29,0.996,1.019,
8,30,1.572,0.888,
8,31,0.221,0.468,
8,32,0.978,1.236,
8,33,0.684,1.294,
8,34,1.136,0.533,
8,35,0.697,0.485,
8,36,0.960,1.343,
8,37,1.003,1.649,
8,38,0.778,0.588,
8,39,1.355,0.791,
8,40,0.574,0.273,
8,41,0.529,1.414,
8,42,0.948,1.055,
8,43,1.334,0.994,
8,44,1.165,1.282,
8,45,1.498,0.926,
8,46,0.997,1.627,
8,47,1.242,1.690,
8,48,0.565,0.821,
8,49,1.542,1.876,
8,50,1.415,1.469,
9,1,1.497,1.306,
9,2,0.112,-0.114,
9,3,0.777,0.191,
9,4,1.663,0.568,
9,5,0.500,0.648,
9,6,0.535,-0.030,
9,7,1.220,0.914,
9,8,0.937,1.006,
9,9,1.544,1.189,
9,10,0.302,-0.785,
9,11,0.654,0.375,
9,12,1.354,0.362,
9,13,0.599,0.215,
9,14,1.220,-0.367,
9,15,0.755,-0.310,
9,16,1.218,-0.460,
9,17,1.084,-0.145,
9,18,1.026,0.636,
9,19,1.033,-0.359,
9,20,0.867,-0.003,
9,21,0.518,0.057,
9,22,1.556,0.988,
9,23,0.807,1.387,
9,24,1.444,0.144,
9,25,0.740,-0.490,
9,26,1.171,0.313,
9,27,0.095,-0.042,
9,28,0.732,0.745,
9,29,0.905,0.529,
9,30,1.207,0.398,
9,31,1.329,0.310,
9,32,0.878,0.345,
9,33,2.044,1.154,
9,34,0.855,-0.185,
9,35,1.289,-0.348,
9,36,0.672,0.380,
9,37,0.853,-0.131,
9,38,1.434,0.275,
9,39,1.000,-0.233,
9,40,1.133,0.795,
9,41,0.828,0.566,
9,42,0.758,0.128,
9,43,1.236,0.113,
9,44,0.633,0.852,
9,45,1.749,0.639,
9,46,1.417,0.035,
9,47,0.322,0.228,
9,48,1.794,1.798,
9,49,1.211,1.206,
9,50,0.844,-0.182,
10,1,0.641,0.285,
10,2,1.322,2.326,
10,3,1.006,1.359,
10,4,0.006,-0.333,
10,5,0.900,1.331,
10,6,1.321,2.311,
10,7,0.771,0.933,
10,8,0.651,1.173,
10,9,0.970,1.514,
10,10,1.095,1.380,
10,11,0.907,0.566,
10,12,1.210,1.354,
10,13,1.131,1.914,
10,14,1.202,1.104,
10,15,1.081,1.150,
10,16,0.718,0.729,
10,17,1.201,1.359,
10,18,0.507,0.492,
10,19,1.254,2.187,
10,20,1.292,0.701,
10,21,0.318,-0.637,
10,22,0.521,0.557,
10,23,0.988,0.790,
10,24,-0.123,-0.480,
10,25,0.627,1.019,
10,26,0.362,0.364,
10,27,0.997,1.454,
10,28,1.220,-0.095,
10,29,0.714,0.048,
10,30,0.947,1.659,
10,31,0.794,0.797,
10,32,1.186,2.320,
10,33,1.395,1.531,
10,34,0.670,0.768,
10,35,0.881,0.833,
10,36,0.809,0.502,
10,37,1.363,1.217,
10,38,0.272,1.095,
10,39,1.237,2.172,
10,40,0.964,1.225,
10,41,0.651,0.740,
10,42,1.956,3.344,
10,43,1.312,1.614,
10,44,1.264,1.565,
10,45,0.711,1.289,
10,46,0.593,1.206,
10,47,0.658,0.750,
10,48,0.887,1.616,
10,49,0.719,0.418,
10,50,0.837,0.315,
11,1,0.505,1.084,
11,2,1.179,1.122,
11,3,1.208,0.236,
11,4,1.726,1.062,
11,5,1.081,0.541,
11,6,1.081,1.020,
11,7,0.737,0.044,
11,8,1.016,-0.087,
11,9,1.032,0.050,
11,10,1.574,1.673,
11,11,1.544,0.787,
11,12,1.235,1.020,
11,13,0.258,0.498,
11,14,1.104,0.728,
11,15,1.235,1.020,
11,16,0.830,0.806,
11,17,1.348,1.058,
11,18,1.139,1.184,
11,19,0.609,0.285,
11,20,1.116,1.309,
11,21,1.546,1.451,
11,22,1.460,0.159,
11,23,1.251,1.189,
11,24,0.498,-0.096,
11,25,0.733,-0.021,
11,26,1.556,0.760,
11,27,1.270,1.134,
11,28,1.088,0.494,
11,29,0.938,0.357,
11,30,1.213,1.206,
11,31,1.339,0.985,
11,32,0.676,0.608,
11,33,2.021,1.472,
11,34,0.807,1.240,
11,35,0.639,0.641,
11,36,0.797,1.769,
11,37,1.432,1.554,
11,38,0.941,0.510,
11,39,1.375,1.294,
11,40,0.874,0.665,
11,41,0.835,0.974,
11,42,0.659,-0.464,
11,43,0.729,0.405,
11,44,0.915,-0.058,
11,45,0.132,-0.135,
11,46,0.214,-0.015,
11,47,1.592,1.271,
11,48,1.792,0.987,
11,49,1.310,0.197,
11,50,0.940,1.159,
12,1,1.822,0.600,
12,2,1.533,1.440,
12,3,1.065,0.664,
12,4,1.949,1.735,
12,5,0.927,0.516,
12,6,0.965,1.343,
12,7,0.757,0.620,
12,8,0.915,0.906,
12,9,0.449,-0.522,
12,10,1.508,0.889,
12,11,0.787,0.688,
12,12,0.506,1.056,
12,13,1.527,1.884,
12,14,0.868,0.509,
12,15,0.485,0.048,
12,16,1.407,1.389,
12,17,1.105,1.429,
12,18,0.566,0.511,
12,19,0.641,0.692,
12,20,1.502,0.838,
12,21,1.390,0.732,
12,22,0.711,1.042,
12,23,1.450,1.300,
12,24,0.757,0.325,
12,25,0.818,0.740,
12,26,1.074,0.911,
12,27,1.301,1.107,
12,28,1.005,2.632,
12,29,0.933,0.349,
12,30,1.265,1.591,
12,31,1.386,1.680,
12,32,2.119,1.150,
12,33,1.158,0.056,
12,34,0.609,0.128,
12,35,1.350,1.750,
12,36,0.961,0.833,
12,37,1.110,-0.076,
12,38,1.741,2.040,
12,39,1.492,0.931,
12,40,1.199,0.332,
12,41,1.205,0.910,
12,42,0.916,0.909,
12,43,1.371,1.722,
12,44,0.926,0.391,
12,45,1.904,1.243,
12,46,1.086,0.832,
12,47,0.827,0.610,
12,48,1.347,1.017,
12,49,1.192,1.501,
12,50,0.854,0.198,
13,1,1.529,2.854,
13,2,1.578,2.781,
13,3,1.242,2.589,
13,4,1.343,1.712,
13,5,0.983,2.389,
13,6,0.754,0.493,
13,7,1.292,1.657,
13,8,1.099,2.256,
13,9,-0.206,-0.579,
13,10,1.198,2.888,
13,11,1.075,1.973,
13,12,1.161,2.961,
13,13,0.840,1.991,
13,14,0.874,2.777,
13,15,0.607,0.665,
13,16,0.820,1.156,
13,17,1.525,2.932,
13,18,0.874,1.555,
13,19,0.388,-0.002,
13,20,1.157,2.140,
13,21,0.791,1.237,
13,22,0.891,1.910,
13,23,1.309,1.987,
13,24,1.253,2.665,
13,25,0.781,1.642,
13,26,0.794,1.640,
13,27,0.379,0.255,
13,28,0.954,0.791,
13,29,1.077,1.699,
13,30,0.824,1.654,
13,31,0.896,0.911,
13,32,1.189,2.805,
13,33,1.063,0.595,
13,34,1.200,2.617,
13,35,1.355,1.479,
13,36,0.969,2.759,
13,37,1.388,2.405,
13,38,0.580,0.050,
13,39,1.440,1.947,
13,40,0.762,2.070,
13,41,0.337,0.291,
13,42,0.853,2.152,
13,43,1.346,2.449,
13,44,1.038,2.150,
13,45,0.972,1.187,
13,46,1.505,2.960,
13,47,1.384,2.727,
13,48,1.237,2.331,
13,49,1.962,3.410,
13,50,0.899,1.782,
14,1,1.301,1.670,
14,2,0.801,0.940,
14,3,1.056,1.172,
14,4,0.766,1.233,
14,5,0.470,0.491,
14,6,1.225,1.577,
14,7,0.942,0.327,
14,8,1.117,1.053,
14,9,1.388,1.424,
14,10,1.388,1.839,
14,11,0.181,-0.551,
14,12,1.069,1.074,
14,13,0.913,1.251,
14,14,0.993,1.102,
14,15,1.392,1.777,
14,16,1.649,2.264,
14,17,0.967,1.411,
14,18,1.457,2.100,
14,19,1.420,2.548,
14,20,1.585,1.018,
14,21,1.060,1.231,
14,22,1.312,1.698,
14,23,0.865,1.105,
14,24,1.152,1.830,
14,25,0.920,1.253,
14,26,0.154,0.302,
14,27,0.958,1.049,
14,28,1.140,1.619,
14,29,0.756,1.416,
14,30,1.019,0.889,
14,31,0.421,-0.007,
14,32,1.115,1.786,
14,33,0.984,0.610,
14,34,0.836,1.498,
14,35,1.029,1.325,
14,36,1.132,1.779,
14,37,1.354,1.949,
14,38,1.347,1.980,
14,39,0.787,0.912,
14,40,0.985,0.531,
14,41,0.799,1.175,
14,42,1.900,2.645,
14,43,1.537,1.719,
14,44,1.394,1.706,
14,45,0.096,0.983,
14,46,0.785,0.597,
14,47,0.869,0.105,
14,48,1.804,2.429,
14,49,0.650,1.519,
14,50,0.026,0.527,
15,1,0.911,2.064,
15,2,1.182,1.621,
15,3,0.442,0.190,
15,4,1.539,2.652,
15,5,1.178,1.518,
15,6,0.792,1.137,
15,7,1.163,1.096,
15,8,1.499,2.276,
15,9,1.215,2.080,
15,10,0.937,0.932,
15,11,1.359,0.895,
15,12,0.838,1.313,
15,13,0.728,0.673,
15,14,1.339,2.015,
15,15,1.590,2.895,
15,16,0.238,0.711,
15,17,0.864,1.436,
15,18,1.302,1.638,
15,19,0.825,1.095,
15,20,1.311,1.748,
15,21,1.169,1.023,
15,22,1.426,2.891,
15,23,0.846,1.477,
15,24,0.771,0.829,
15,25,1.097,0.943,
15,26,0.955,1.259,
15,27,0.982,1.360,
15,28,0.736,1.263,
15,29,1.147,1.501,
15,30,0.941,0.798,
15,31,0.706,1.232,
15,32,1.400,2.218,
15,33,1.530,2.191,
15,34,0.637,0.964,
15,35,0.711,1.253,
15,36,0.813,1.176,
15,37,0.792,0.468,
15,38,0.431,1.039,
15,39,0.877,1.771,
15,40,0.714,0.260,
15,41,0.869,1.283,
15,42,0.715,0.985,
15,43,0.848,1.617,
15,44,1.193,1.847,
15,45,0.464,0.807,
15,46,0.403,0.435,
15,47,1.515,2.870,
15,48,0.816,1.929,
15,49,1.418,1.509,
15,50,1.217,2.158,
16,1,0.906,0.553,
16,2,1.202,0.886,
16,3,0.832,0.621,
16,4,0.449,0.904,
16,5,1.188,0.927,
16,6,1.072,0.326,
16,7,1.407,0.909,
16,8,0.878,0.477,
16,9,1.099,0.339,
16,10,0.748,0.592,
16,11,1.344,1.710,
16,12,0.440,0.353,
16,13,0.886,-0.373,
16,14,1.418,1.261,
16,15,1.485,0.758,
16,16,1.547,0.921,
16,17,0.825,0.050,
16,18,1.239,0.297,
16,19,1.796,1.071,
16,20,1.055,0.892,
16,21,0.567,0.195,
16,22,1.217,0.903,
16,23,0.966,0.759,
16,24,0.782,0.958,
16,25,1.006,1.173,
16,26,1.248,0.987,
16,27,1.341,1.278,
16,28,0.754,0.865,
16,29,0.595,0.462,
16,30,1.266,0.775,
16,31,0.762,0.606,
16,32,0.596,-0.088,
16,33,1.407,0.039,
16,34,0.578,0.416,
16,35,0.428,0.424,
16,36,2.014,2.021,
16,37,1.160,0.326,
16,38,0.972,0.543,
16,39,0.988,1.487,
16,40,0.564,0.724,
16,41,0.818,0.434,
16,42,0.853,1.293,
16,43,0.679,0.780,
16,44,0.796,0.709,
16,45,1.285,0.347,
16,46,1.367,1.255,
16,47,0.495,0.411,
16,48,0.189,0.226,
16,49,0.490,0.231,
16,50,0.573,0.093,
17,1,1.515,1.454,
17,2,0.627,0.864,
17,3,1.046,1.983,
17,4,0.782,0.459,
17,5,0.863,0.678,
17,6,1.383,1.919,
17,7,0.847,1.129,
17,8,0.865,1.497,
17,9,1.004,0.964,
17,10,1.664,2.991,
17,11,1.629,1.629,
17,12,1.184,1.558,
17,13,1.338,1.733,
17,14,0.979,0.791,
17,15,1.029,0.027,
17,16,0.641,1.119,
17,17,1.536,2.751,
17,18,0.897,1.519,
17,19,1.137,0.481,
17,20,1.242,1.937,
17,21,0.587,1.323,
17,22,1.054,0.693,
17,23,0.761,1.335,
17,24,2.080,2.844,
17,25,0.925,0.859,
17,26,0.686,0.212,
17,27,1.234,1.873,
17,28,1.249,1.629,
17,29,1.091,1.497,
17,30,1.571,2.027,
17,31,1.050,0.709,
17,32,1.093,1.363,
17,33,0.484,0.483,
17,34,0.933,0.353,
17,35,0.740,0.783,
17,36,1.300,2.119,
17,37,0.923,2.017,
17,38,1.036,0.912,
17,39,1.655,2.312,
17,40,1.304,0.896,
17,41,0.601,1.482,
17,42,1.271,1.015,
17,43,1.275,0.965,
17,44,1.248,1.068,
17,45,0.948,-0.066,
17,46,0.529,1.010,
17,47,1.417,2.280,
17,48,1.231,1.326,
17,49,0.803,1.246,
17,50,1.535,1.581,
18,1,0.959,0.180,
18,2,0.784,0.991,
18,3,1.103,1.410,
18,4,1.361,2.094,
18,5,0.635,0.675,
18,6,0.621,0.967,
18,7,1.183,1.821,
18,8,0.799,2.066,
18,9,0.674,1.317,
18,10,0.859,0.252,
18,11,0.961,0.853,
18,12,0.896,1.628,
18,13,0.643,0.524,
18,14,1.523,2.416,
18,15,1.032,1.480,
18,16,1.450,0.805,
18,17,1.657,2.710,
18,18,1.141,1.693,
18,19,0.961,1.051,
18,20,0.820,0.266,
18,21,1.281,1.215,
18,22,0.948,1.648,
18,23,0.854,0.254,
18,24,0.997,0.686,
18,25,0.781,1.163,
18,26,0.725,0.743,
18,27,1.704,1.884,
18,28,0.648,1.504,
18,29,0.847,0.499,
18,30,0.874,1.303,
18,31,1.006,0.796,
18,32,1.218,2.226,
18,33,0.147,-0.688,
18,34,0.589,0.765,
18,35,1.517,2.100,
18,36,1.500,1.489,
18,37,0.975,1.312,
18,38,0.755,0.693,
18,39,1.180,1.353,
18,40,1.139,1.139,
18,41,0.829,1.102,
18,42,1.184,1.554,
18,43,1.318,1.516,
18,44,0.730,0.065,
18,45,1.101,0.833,
18,46,1.473,2.027,
18,47,1.387,1.893,
18,48,1.304,0.313,
18,49,0.823,0.546,
18,50,1.765,2.924,
19,1,1.061,1.661,
19,2,0.179,0.341,
19,3,1.055,1.276,
19,4,1.105,1.766,
19,5,1.171,2.039,
19,6,1.227,1.511,
19,7,1.148,1.300,
19,8,0.809,0.757,
19,9,0.512,0.380,
19,10,1.291,0.970,
19,11,0.454,1.249,
19,12,0.889,0.665,
19,13,1.092,2.188,
19,14,0.838,1.318,
19,15,0.706,0.603,
19,16,1.029,1.203,
19,17,0.710,0.188,
19,18,0.972,2.078,
19,19,0.955,0.781,
19,20,1.536,1.614,
19,21,0.675,0.933,
19,22,1.246,0.868,
19,23,0.660,1.584,
19,24,-0.146,0.519,
19,25,1.984,1.369,
19,26,0.700,1.480,
19,27,0.787,1.151,
19,28,0.758,0.617,
19,29,0.768,1.175,
19,30,1.233,0.281,
19,31,0.635,0.512,
19,32,1.298,1.117,
19,33,0.634,0.002,
19,34,0.791,0.350,
19,35,0.821,1.053,
19,36,1.182,2.113,
19,37,0.724,-0.031,
19,38,1.399,1.525,
19,39,0.264,-0.328,
19,40,1.129,0.867,
19,41,0.878,1.479,
19,42,1.622,1.209,
19,43,1.189,1.068,
19,44,0.930,1.394,
19,45,0.987,1.046,
19,46,1.218,0.522,
19,47,0.574,-0.022,
19,48,0.972,0.219,
19,49,1.227,0.887,
19,50,1.141,1.352,
20,1,0.230,0.110,
20,2,1.399,1.762,
20,3,1.326,0.724,
20,4,1.765,1.156,
20,5,2.179,1.609,
20,6,1.314,0.913,
20,7,1.393,1.991,
20,8,1.249,0.881,
20,9,0.802,0.509,
20,10,0.394,0.903,
20,11,0.991,0.495,
20,12,0.497,-0.333,
20,13,0.531,-0.160,
20,14,1.600,1.205,
20,15,0.843,-0.175,
20,16,1.421,1.079,
20,17,1.097,1.093,
20,18,1.202,0.598,
20,19,1.127,1.745,
20,20,0.679,-0.064,
20,21,0.454,0.830,
20,22,0.531,0.237,
20,23,1.320,1.419,
20,24,1.143,1.663,
20,25,1.816,1.456,
20,26,1.304,1.556,
20,27,1.094,1.092,
20,28,0.616,1.055,
20,29,1.130,0.356,
20,30,0.857,1.058,
20,31,0.497,0.378,
20,32,1.028,0.855,
20,33,1.080,0.626,
20,34,0.541,0.515,
20,35,1.064,0.936,
20,36,1.806,1.100,
20,37,1.116,1.063,
20,38,1.092,1.213,
20,39,1.238,1.091,
20,40,1.624,1.236,
20,41,1.788,1.339,
20,42,0.877,0.486,
20,43,1.187,0.690,
20,44,0.840,0.488,
20,45,1.383,1.376,
20,46,1.171,0.441,
20,47,0.913,-0.307,
20,48,1.390,0.426,
20,49,0.903,0.778,
20,50,1.202,1.605,
21,1,1.707,1.571,
21,2,1.292,1.445,
21,3,1.235,-0.216,
21,4,0.327,0.068,
21,5,0.808,0.066,
21,6,1.070,-0.070,
21,7,1.294,1.231,
21,8,1.164,0.977,
21,9,1.444,0.508,
21,10,1.053,-0.170,
21,11,0.891,-0.183,
21,12,1.736,0.706,
21,13,0.722,0.050,
21,14,1.021,0.228,
21,15,1.038,0.806,
21,16,0.369,0.156,
21,17,0.383,0.558,
21,18,0.335,0.083,
21,19,1.676,1.013,
21,20,1.298,1.155,
21,21,1.136,0.211,
21,22,0.495,0.311,
21,23,0.799,0.107,
21,24,0.705,0.244,
21,25,0.786,0.343,
21,26,0.861,0.070,
21,27,1.505,0.799,
21,28,1.187,1.377,
21,29,0.897,0.027,
21,30,1.120,1.060,
21,31,1.618,1.936,
21,32,0.388,0.376,
21,33,0.145,1.119,
21,34,1.224,0.531,
21,35,1.466,0.544,
21,36,1.794,0.923,
21,37,0.669,-0.040,
21,38,1.357,0.441,
21,39,0.688,0.150,
21,40,0.094,-0.261,
21,41,1.084,0.725,
21,42,0.819,0.803,
21,43,1.196,0.483,
21,44,1.151,0.818,
21,45,0.730,1.554,
21,46,0.988,0.302,
21,47,1.504,0.808,
21,48,1.036,0.799,
21,49,1.004,0.359,
21,50,1.248,0.344,
22,1,1.496,2.353,
22,2,1.118,1.786,
22,3,0.919,0.756,
22,4,1.005,1.956,
22,5,1.147,2.257,
22,6,1.579,2.325,
22,7,1.152,1.344,
22,8,1.269,2.035,
22,9,0.776,0.504,
22,10,0.832,0.876,
22,11,1.308,2.155,
22,12,1.152,1.890,
22,13,0.915,1.611,
22,14,0.892,1.347,
22,15,1.500,3.047,
22,16,0.771,1.092,
22,17,1.240,2.069,
22,18,1.291,1.584,
22,19,0.977,1.304,
22,20,1.012,1.365,
22,21,1.181,1.196,
22,22,0.184,0.383,
22,23,0.691,1.740,
22,24,1.630,2.307,
22,25,0.748,0.072,
22,26,0.720,1.026,
22,27,1.318,1.869,
22,28,0.884,0.869,
22,29,0.382,0.809,
22,30,1.411,2.271,
22,31,1.654,4.036,
22,32,1.015,1.788,
22,33,0.948,2.062,
22,34,1.338,3.208,
22,35,0.664,0.794,
22,36,1.368,2.382,
22,37,1.130,1.487,
22,38,1.459,1.603,
22,39,1.060,1.637,
22,40,0.691,1.923,
22,41,0.400,1.568,
22,42,0.965,1.331,
22,43,1.590,2.303,
22,44,1.471,1.519,
22,45,1.284,0.978,
22,46,1.599,2.129,
22,47,0.560,0.443,
22,48,0.944,2.628,
22,49,1.753,2.392,
22,50,1.370,2.300,
23,1,1.285,0.929,
23,2,1.428,1.778,
23,3,0.470,0.758,
23,4,1.504,2.087,
23,5,0.686,0.475,
23,6,1.204,1.279,
23,7,1.139,0.718,
23,8,0.971,1.477,
23,9,1.220,0.735,
23,10,1.751,1.751,
23,11,1.782,2.346,
23,12,0.115,0.435,
23,13,1.480,1.141,
23,14,1.099,1.835,
23,15,0.974,1.738,
23,16,1.068,1.202,
23,17,0.739,0.064,
23,18,0.780,1.174,
23,19,1.111,0.410,
23,20,1.488,1.564,
23,21,0.772,1.319,
23,22,0.850,0.023,
23,23,0.719,0.748,
23,24,0.258,-0.453,
23,25,1.260,2.166,
23,26,0.664,1.354,
23,27,0.880,0.914,
23,28,0.354,1.066,
23,29,1.505,0.687,
23,30,1.233,1.696,
23,31,0.899,0.751,
23,32,0.459,0.827,
23,33,1.121,1.025,
23,34,0.987,1.758,
23,35,0.660,0.280,
23,36,0.994,1.316,
23,37,1.207,1.244,
23,38,0.379,0.694,
23,39,1.216,1.161,
23,40,0.230,0.357,
23,41,1.177,1.106,
23,42,1.928,2.302,
23,43,1.360,1.019,
23,44,0.895,0.849,
23,45,1.121,0.926,
23,46,0.629,-0.316,
23,47,0.628,0.414,
23,48,1.038,0.856,
23,49,0.173,1.519,
23,50,0.819,0.869,
24,1,1.250,1.969,
24,2,1.258,2.010,
24,3,0.818,0.926,
24,4,0.700,1.486,
24,5,1.482,0.493,
24,6,0.665,0.022,
24,7,1.553,0.108,
24,8,1.392,0.890,
24,9,0.497,-0.223,
24,10,0.887,0.333,
24,11,0.672,0.350,
24,12,1.424,1.255,
24,13,0.774,1.097,
24,14,1.454,1.356,
24,15,0.758,0.259,
24,16,0.548,0.641,
24,17,1.998,1.079,
24,18,1.068,0.537,
24,19,0.614,-0.181,
24,20,1.325,0.568,
24,21,1.735,1.301,
24,22,1.066,0.739,
24,23,1.199,0.514,
24,24,0.473,1.244,
24,25,0.720,0.323,
24,26,1.218,0.699,
24,27,0.790,0.994,
24,28,1.251,0.606,
24,29,0.902,0.253,
24,30,0.806,0.386,
24,31,1.489,1.185,
24,32,0.929,0.723,
24,33,1.625,1.136,
24,34,0.865,0.565,
24,35,1.727,1.353,
24,36,0.865,0.458,
24,37,1.361,1.190,
24,38,1.495,1.052,
24,39,1.031,0.026,
24,40,1.111,-0.007,
24,41,0.705,1.145,
24,42,0.892,0.181,
24,43,1.445,1.063,
24,44,0.698,0.760,
24,45,1.636,0.578,
24,46,1.391,1.265,
24,47,0.580,0.421,
24,48,0.978,0.629,
24,49,0.109,0.796,
24,50,1.733,1.232,
25,1,0.582,0.917,
25,2,1.396,2.108,
25,3,0.934,1.656,
25,4,1.841,1.764,
25,5,0.528,1.122,
25,6,1.086,1.371,
25,7,0.922,1.116,
25,8,1.076,1.724,
25,9,0.901,0.274,
25,10,0.320,-0.154,
25,11,0.696,1.580,
25,12,0.405,0.279,
25,13,0.782,0.908,
25,14,0.742,0.477,
25,15,0.156,0.630,
25,16,0.769,0.678,
25,17,1.083,1.329,
25,18,0.605,0.734,
25,19,0.386,0.984,
25,20,0.894,1.138,
25,21,1.331,0.999,
25,22,1.038,2.112,
25,23,1.232,1.636,
25,24,1.543,1.798,
25,25,1.411,2.866,
25,26,1.704,2.457,
25,27,1.216,2.353,
25,28,0.870,1.128,
25,29,1.085,-0.024,
25,30,0.928,2.187,
25,31,0.406,0.027,
25,32,1.000,0.973,
25,33,0.623,0.898,
25,34,0.341,-0.119,
25,35,0.965,0.691,
25,36,0.815,1.217,
25,37,0.802,0.752,
25,38,1.277,1.877,
25,39,1.288,2.027,
25,40,0.516,1.741,
25,41,0.727,0.364,
25,42,1.010,0.928,
25,43,1.033,1.186,
25,44,0.759,0.824,
25,45,1.340,1.648,
25,46,0.865,0.522,
25,47,1.107,1.393,
25,48,0.695,1.015,
25,49,0.937,1.068,
25,50,0.296,-0.245,
26,1,0.903,1.104,
26,2,0.560,0.033,
26,3,1.451,2.463,
26,4,1.327,1.833,
26,5,1.560,2.079,
26,6,1.290,1.550,
26,7,0.834,1.726,
26,8,0.751,1.488,
26,9,1.312,0.930,
26,10,1.345,0.388,
26,11,0.304,-0.647,
26,12,0.854,0.698,
26,13,1.081,1.111,
26,14,1.134,1.602,
26,15,0.353,-0.158,
26,16,1.681,1.885,
26,17,0.693,0.872,
26,18,0.696,1.974,
26,19,1.398,1.443,
26,20,1.229,0.013,
26,21,1.313,1.102,
26,22,1.043,0.737,
26,23,0.898,0.524,
26,24,1.620,1.427,
26,25,1.101,0.996,
26,26,0.496,0.757,
26,27,0.698,0.338,
26,28,1.585,1.323,
26,29,1.888,2.745,
26,30,0.728,0.615,
26,31,0.947,1.189,
26,32,0.952,-0.635,
26,33,0.906,0.332,
26,34,0.139,-0.376,
26,35,1.098,1.247,
26,36,0.916,0.791,
26,37,0.712,1.099,
26,38,1.643,1.025,
26,39,0.993,0.560,
26,40,0.808,0.365,
26,41,0.417,0.216,
26,42,0.624,0.858,
26,43,0.899,0.271,
26,44,1.046,0.973,
26,45,1.269,1.214,
26,46,1.041,1.206,
26,47,0.925,0.236,
26,48,1.064,1.696,
26,49,0.322,0.414,
26,50,0.565,-0.006,
27,1,0.773,-0.247,
27,2,0.548,0.164,
27,3,1.238,1.130,
27,4,1.233,0.494,
27,5,0.785,-0.002,
27,6,1.056,1.034,
27,7,1.085,-0.603,
27,8,0.902,-0.098,
27,9,0.570,-0.050,
27,10,1.193,0.682,
27,11,1.043,-0.103,
27,12,1.050,0.423,
27,13,0.401,0.332,
27,14,0.718,0.737,
27,15,0.284,0.070,
27,16,0.731,0.499,
27,17,1.061,0.336,
27,18,0.840,0.879,
27,19,0.957,0.919,
27,20,1.217,1.787,
27,21,1.045,1.702,
27,22,1.097,1.008,
27,23,0.993,1.687,
27,24,1.190,0.388,
27,25,1.004,0.635,
27,26,0.964,0.046,
27,27,0.607,0.936,
27,28,1.097,0.874,
27,29,0.806,0.797,
27,30,-0.088,0.254,
27,31,2.129,0.649,
27,32,0.838,0.413,
27,33,0.798,0.723,
27,34,1.052,0.508,
27,35,0.605,-0.018,
27,36,0.028,0.349,
27,37,1.515,1.912,
27,38,1.089,0.457,
27,39,1.604,0.519,
27,40,0.566,-0.157,
27,41,2.044,1.276,
27,42,0.710,0.425,
27,43,1.838,1.140,
27,44,0.864,0.043,
27,45,1.443,1.378,
27,46,0.959,2.011,
27,47,0.844,0.003,
27,48,0.430,-0.373,
27,49,1.422,1.582,
27,50,1.536,1.740,
28,1,-0.068,0.155,
28,2,0.117,0.432,
28,3,1.629,0.852,
28,4,0.621,0.312,
28,5,1.876,1.661,
28,6,1.431,0.224,
28,7,1.233,0.876,
28,8,0.235,0.637,
28,9,0.708,0.208,
28,10,2.047,2.216,
28,11,1.139,0.664,
28,12,0.485,0.383,
28,13,0.502,-0.028,
28,14,1.673,1.569,
28,15,0.781,1.578,
28,16,1.231,1.703,
28,17,1.658,1.181,
28,18,1.135,1.154,
28,19,1.149,1.675,
28,20,1.442,1.197,
28,21,0.783,1.053,
28,22,1.052,1.441,
28,23,0.761,0.118,
28,24,0.798,-0.471,
28,25,0.571,-0.008,
28,26,0.341,-0.012,
28,27,0.616,1.333,
28,28,1.212,0.851,
28,29,0.803,1.324,
28,30,1.327,1.242,
28,31,0.561,-0.682,
28,32,1.342,2.081,
28,33,0.455,0.920,
28,34,1.176,1.586,
28,35,0.675,0.827,
28,36,0.324,1.101,
28,37,1.087,0.262,
28,38,0.347,0.830,
28,39,0.760,1.707,
28,40,0.878,0.349,
28,41,0.944,0.796,
28,42,1.142,0.798,
28,43,0.854,-0.402,
28,44,0.436,1.112,
28,45,0.374,0.477,
28,46,0.665,1.446,
28,47,1.348,0.910,
28,48,1.167,1.332,
28,49,1.107,0.471,
28,50,0.859,1.177,
29,1,0.836,0.566,
29,2,1.137,1.802,
29,3,1.198,1.779,
29,4,1.856,2.500,
29,5,1.161,1.358,
29,6,0.666,0.247,
29,7,0.873,0.978,
29,8,0.868,-0.022,
29,9,1.414,1.519,
29,10,1.424,0.737,
29,11,0.896,0.869,
29,12,0.798,1.037,
29,13,0.607,0.343,
29,14,0.999,1.105,
29,15,1.329,0.984,
29,16,0.595,-0.448,
29,17,1.007,0.258,
29,18,1.077,0.767,
29,19,0.850,0.990,
29,20,1.461,1.652,
29,21,1.220,1.196,
29,22,1.083,1.750,
29,23,1.254,1.308,
29,24,1.432,0.963,
29,25,2.404,2.440,
29,26,0.875,1.200,
29,27,1.524,2.005,
29,28,0.748,1.124,
29,29,0.637,1.223,
29,30,1.078,1.066,
29,31,1.811,1.991,
29,32,1.383,1.604,
29,33,1.313,1.097,
29,34,1.286,2.034,
29,35,1.208,1.998,
29,36,0.573,0.024,
29,37,1.199,0.935,
29,38,0.247,0.346,
29,39,1.978,3.057,
29,40,1.878,2.558,
29,41,0.998,0.780,
29,42,1.437,1.613,
29,43,1.110,2.137,
29,44,1.429,0.772,
29,45,0.392,0.030,
29,46,0.485,0.429,
29,47,0.494,0.970,
29,48,0.447,0.230,
29,49,0.850,2.175,
29,50,0.666,-0.014,
30,1,1.292,2.267,
30,2,1.271,1.722,
30,3,0.908,1.146,
30,4,0.787,0.664,
30,5,1.182,1.495,
30,6,0.692,0.816,
30,7,1.305,1.734,
30,8,1.247,1.336,
30,9,1.052,0.845,
30,10,0.676,1.222,
30,11,0.502,0.032,
30,12,1.389,1.616,
30,13,0.849,0.973,
30,14,1.116,0.793,
30,15,0.976,0.191,
30,16,1.498,2.390,
30,17,1.350,1.344,
30,18,0.199,0.439,
30,19,0.201,0.911,
30,20,1.730,1.706,
30,21,0.499,1.332,
30,22,0.804,0.604,
30,23,1.323,1.830,
30,24,0.690,0.809,
30,25,1.535,2.047,
30,26,0.972,1.107,
30,27,1.109,1.701,
30,28,0.302,1.001,
30,29,0.724,0.711,
30,30,0.807,0.430,
30,31,1.125,1.332,
30,32,0.586,1.321,
30,33,1.028,0.644,
30,34,0.890,0.659,
30,35,1.721,1.537,
30,36,1.511,2.961,
30,37,0.962,1.489,
30,38,0.653,0.872,
30,39,0.262,-0.434,
30,40,0.733,0.838,
30,41,1.145,1.236,
30,42,1.468,2.146,
30,43,0.757,1.679,
30,44,0.712,0.367,
30,45,0.956,2.069,
30,46,0.518,0.449,
30,47,0.817,0.680,
30,48,0.444,0.849,
30,49,0.724,1.062,
30,50,1.826,3.079,
31,1,0.745,-0.070,
31,2,1.285,0.474,
31,3,1.150,0.524,
31,4,1.105,0.299,
31,5,1.320,0.716,
31,6,1.286,0.846,
31,7,1.054,1.776,
31,8,1.278,2.033,
31,9,0.476,-0.603,
31,10,0.839,0.506,
31,11,0.759,0.094,
31,12,1.075,1.486,
31,13,1.220,1.855,
31,14,1.730,1.530,
31,15,0.255,0.668,
31,16,0.036,-0.273,
31,17,0.718,0.293,
31,18,1.241,1.124,
31,19,0.543,0.301,
31,20,0.898,0.597,
31,21,1.204,0.770,
31,22,0.811,1.175,
31,23,0.659,0.969,
31,24,1.080,0.840,
31,25,0.790,0.600,
31,26,1.174,0.168,
31,27,1.464,0.840,
31,28,1.085,1.389,
31,29,1.210,0.474,
31,30,1.598,-0.232,
31,31,0.752,1.339,
31,32,1.149,1.097,
31,33,0.807,0.139,
31,34,1.128,1.162,
31,35,1.138,1.332,
31,36,0.932,1.467,
31,37,0.318,0.819,
31,38,0.502,0.006,
31,39,1.752,1.355,
31,40,0.356,0.612,
31,41,0.570,0.988,
31,42,1.659,1.410,
31,43,0.786,1.133,
31,44,0.993,0.004,
31,45,0.696,0.077,
31,46,0.691,0.735,
31,47,1.199,0.518,
31,48,1.235,1.360,
31,49,0.814,0.204,
31,50,1.465,1.325,
32,1,0.490,1.056,
32,2,0.566,0.502,
32,3,1.068,1.501,
32,4,0.853,0.757,
32,5,1.134,0.597,
32,6,0.323,-0.277,
32,7,1.233,1.327,
32,8,0.537,0.221,
32,9,0.800,0.770,
32,10,1.120,1.288,
32,11,1.290,1.462,
32,12,0.716,1.171,
32,13,1.372,1.648,
32,14,0.874,0.697,
32,15,0.774,0.057,
32,16,1.452,0.267,
32,17,0.981,1.580,
32,18,1.544,0.926,
32,19,1.320,1.288,
32,20,1.342,1.515,
32,21,0.885,0.944,
32,22,1.242,1.543,
32,23,1.066,1.593,
32,24,0.942,1.636,
32,25,1.132,0.317,
32,26,0.550,0.212,
32,27,0.654,0.644,
32,28,1.556,1.189,
32,29,1.576,1.239,
32,30,0.586,0.418,
32,31,1.313,1.251,
32,32,0.758,1.382,
32,33,1.412,1.247,
32,34,0.995,0.851,
32,35,1.588,1.136,
32,36,2.020,2.253,
32,37,0.884,1.091,
32,38,1.065,1.769,
32,39,0.602,0.197,
32,40,0.501,0.465,
32,41,0.886,0.623,
32,42,0.474,-0.451,
32,43,1.497,1.555,
32,44,1.164,0.980,
32,45,0.544,0.958,
32,46,0.548,0.855,
32,47,1.506,1.910,
32,48,0.109,0.290,
32,49,1.453,1.059,
32,50,0.881,1.358,
33,1,0.582,0.596,
33,2,1.334,0.834,
33,3,0.707,0.212,
33,4,0.910,1.037,
33,5,0.239,-0.571,
33,6,1.616,0.668,
33,7,0.871,1.524,
33,8,0.143,0.177,
33,9,0.836,0.312,
33,10,0.406,-0.117,
33,11,0.869,0.935,
33,12,0.203,0.278,
33,13,1.404,0.241,
33,14,1.178,0.908,
33,15,0.576,1.519,
33,16,0.984,0.709,
33,17,0.417,0.184,
33,18,1.660,0.964,
33,19,1.942,1.070,
33,20,1.120,0.537,
33,21,0.832,0.300,
33,22,0.484,1.102,
33,23,1.172,0.953,
33,24,1.055,0.254,
33,25,1.040,1.792,
33,26,0.978,0.974,
33,27,1.124,-0.043,
33,28,1.072,-0.001,
33,29,0.871,0.979,
33,30,0.831,1.029,
33,31,0.688,0.404,
33,32,1.845,1.070,
33,33,1.364,0.794,
33,34,0.810,-0.209,
33,35,0.485,0.735,
33,36,1.341,1.182,
33,37,1.113,0.512,
33,38,0.723,0.188,
33,39,1.431,0.798,
33,40,0.927,0.589,
33,41,1.778,0.568,
33,42,1.383,-0.189,
33,43,1.248,1.543,
33,44,1.186,0.551,
33,45,0.259,0.893,
33,46,1.575,0.206,
33,47,0.526,0.464,
33,48,1.096,-0.191,
33,49,1.117,0.484,
33,50,0.896,0.108,
34,1,0.641,0.415,
34,2,1.142,0.659,
34,3,1.036,1.242,
34,4,0.701,1.242,
34,5,0.751,0.878,
34,6,0.388,0.342,
34,7,1.222,0.864,
34,8,0.717,1.611,
34,9,0.713,-0.018,
34,10,1.203,1.366,
34,11,1.114,0.971,
34,12,1.380,2.182,
34,13,0.760,0.522,
34,14,0.262,-0.279,
34,15,1.279,2.087,
34,16,1.433,1.721,
34,17,1.582,1.697,
34,18,1.074,0.994,
34,19,0.580,0.764,
34,20,0.867,1.042,
34,21,1.273,0.472,
34,22,0.950,0.415,
34,23,0.885,0.622,
34,24,0.983,0.519,
34,25,0.605,0.764,
34,26,0.909,0.570,
34,27,1.020,0.654,
34,28,1.356,0.487,
34,29,0.526,0.677,
34,30,0.870,0.962,
34,31,1.216,1.644,
34,32,1.156,1.062,
34,33,1.822,1.426,
34,34,1.260,0.736,
34,35,0.776,0.323,
34,36,0.873,-0.687,
34,37,0.047,0.115,
34,38,0.667,0.525,
34,39,0.446,0.565,
34,40,1.133,0.753,
34,41,1.096,1.337,
34,42,0.770,0.738,
34,43,0.540,0.672,
34,44,1.421,0.583,
34,45,1.584,1.100,
34,46,1.403,1.707,
34,47,1.089,0.555,
34,48,1.771,1.434,
34,49,0.872,0.534,
34,50,0.793,0.738,
35,1,1.679,1.563,
35,2,1.924,2.167,
35,3,1.450,1.730,
35,4,1.048,1.044,
35,5,-0.075,-0.012,
35,6,0.621,1.135,
35,7,1.912,1.591,
35,8,0.199,0.648,
35,9,1.781,2.987,
35,10,1.109,0.428,
35,11,1.918,1.880,
35,12,1.052,1.045,
35,13,0.682,0.939,
35,14,1.134,2.168,
35,15,2.024,1.282,
35,16,1.130,1.120,
35,17,0.971,1.391,
35,18,1.320,1.880,
35,19,0.841,1.336,
35,20,1.066,1.448,
35,21,0.796,1.852,
35,22,0.668,0.777,
35,23,0.962,1.175,
35,24,0.812,1.459,
35,25,0.930,1.185,
35,26,0.982,1.338,
35,27,0.959,0.767,
35,28,0.620,0.300,
35,29,0.764,0.598,
35,30,1.031,0.783,
35,31,0.926,2.191,
35,32,1.466,1.052,
35,33,1.076,0.781,
35,34,1.391,0.793,
35,35,0.644,0.662,
35,36,1.102,1.274,
35,37,0.947,1.359,
35,38,1.520,1.482,
35,39,0.923,1.614,
35,40,1.008,1.026,
35,41,1.139,2.935,
35,42,0.418,0.518,
35,43,0.496,0.902,
35,44,1.356,1.500,
35,45,2.273,2.768,
35,46,1.417,1.983,
35,47,0.969,0.767,
35,48,1.911,2.130,
35,49,0.468,-0.092,
35,50,0.859,1.360,
36,1,0.833,0.504,
36,2,1.001,0.375,
36,3,0.747,0.203,
36,4,0.750,1.022,
36,5,1.065,0.627,
36,6,1.015,0.736,
36,7,0.919,0.380,
36,8,0.944,1.193,
36,9,1.408,1.067,
36,10,0.442,0.579,
36,11,1.694,0.880,
36,12,1.476,0.644,
36,13,1.036,0.214,
36,14,1.010,0.609,
36,15,1.543,1.226,
36,16,0.653,0.482,
36,17,1.121,0.962,
36,18,0.708,0.426,
36,19,1.649,0.504,
36,20,1.193,0.119,
36,21,1.072,1.703,
36,22,0.519,0.629,
36,23,1.447,1.400,
36,24,0.363,1.105,
36,25,1.453,0.760,
36,26,1.165,1.315,
36,27,0.786,1.595,
36,28,1.207,0.928,
36,29,1.566,1.133,
36,30,0.799,0.775,
36,31,1.490,1.205,
36,32,1.723,0.602,
36,33,1.004,0.120,
36,34,1.364,1.273,
36,35,1.222,0.819,
36,36,1.481,0.487,
36,37,1.116,0.502,
36,38,1.061,0.499,
36,39,0.647,0.330,
36,40,1.260,0.276,
36,41,0.935,0.516,
36,42,0.766,0.097,
36,43,0.900,0.925,
36,44,1.172,1.440,
36,45,1.183,-0.292,
36,46,0.637,0.391,
36,47,0.720,0.649,
36,48,0.750,1.291,
36,49,0.987,0.520,
36,50,1.496,0.561,
37,1,1.029,1.964,
37,2,1.164,2.026,
37,3,0.951,0.805,
37,4,1.156,1.892,
37,5,1.400,2.585,
37,6,0.919,1.404,
37,7,0.271,0.535,
37,8,0.721,0.931,
37,9,1.008,0.669,
37,10,1.359,2.786,
37,11,1.283,1.555,
37,12,1.105,1.001,
37,13,0.955,1.497,
37,14,0.286,-0.060,
37,15,1.036,1.693,
37,16,0.902,2.140,
37,17,0.929,1.110,
37,18,0.934,1.041,
37,19,1.470,2.365,
37,20,1.599,1.838,
37,21,0.877,1.142,
37,22,1.249,2.043,
37,23,0.740,1.264,
37,24,0.843,1.471,
37,25,0.750,1.368,
37,26,0.452,1.092,
37,27,1.194,1.156,
37,28,1.652,2.352,
37,29,1.412,1.046,
37,30,1.018,1.271,
37,31,1.521,1.840,
37,32,1.245,2.283,
37,33,1.065,0.670,
37,34,1.196,1.244,
37,35,1.032,1.965,
37,36,0.727,1.204,
37,37,0.684,1.123,
37,38,1.707,1.829,
37,39,1.077,1.619,
37,40,0.854,1.386,
37,41,0.857,1.003,
37,42,1.120,1.500,
37,43,0.998,0.607,
37,44,1.288,1.286,
37,45,0.182,-0.137,
37,46,1.081,0.197,
37,47,1.378,2.570,
37,48,0.897,0.924,
37,49,0.725,0.295,
37,50,0.091,-0.366,
38,1,1.294,1.977,
38,2,0.684,0.956,
38,3,1.479,1.342,
38,4,1.114,0.710,
38,5,0.722,0.288,
38,6,1.292,1.208,
38,7,0.497,0.517,
38,8,0.691,1.601,
38,9,0.824,1.719,
38,10,1.254,1.073,
38,11,1.247,2.079,
38,12,0.737,2.344,
38,13,0.992,1.610,
38,14,0.657,1.386,
38,15,0.772,0.790,
38,16,1.427,1.736,
38,17,0.695,0.487,
38,18,0.353,1.194,
38,19,1.016,0.478,
38,20,1.084,1.852,
38,21,0.918,1.185,
38,22,1.061,0.954,
38,23,0.853,1.361,
38,24,0.757,1.356,
38,25,1.358,2.189,
38,26,1.333,1.809,
38,27,0.996,1.778,
38,28,1.434,0.782,
38,29,1.445,1.194,
38,30,1.060,1.722,
38,31,1.471,2.544,
38,32,1.382,3.107,
38,33,1.039,1.738,
38,34,1.856,2.738,
38,35,1.157,1.476,
38,36,1.396,1.628,
38,37,1.398,1.713,
38,38,0.978,1.026,
38,39,1.538,2.096,
38,40,1.073,1.531,
38,41,1.082,1.517,
38,42,1.251,1.293,
38,43,1.137,2.126,
38,44,1.395,2.313,
38,45,1.584,1.125,
38,46,0.675,0.382,
38,47,1.696,1.480,
38,48,0.767,1.281,
38,49,0.601,-0.320,
38,50,1.294,1.281,
39,1,0.332,0.486,
39,2,1.045,0.223,
39,3,0.551,0.024,
39,4,1.737,1.991,
39,5,0.552,0.392,
39,6,0.677,1.298,
39,7,1.284,2.048,
39,8,1.617,1.195,
39,9,1.575,2.123,
39,10,0.430,0.112,
39,11,0.439,0.188,
39,12,1.297,1.413,
39,13,0.958,0.820,
39,14,1.255,1.292,
39,15,1.530,2.292,
39,16,0.810,0.851,
39,17,1.145,1.274,
39,18,1.086,0.670,
39,19,1.291,0.886,
39,20,1.196,1.412,
39,21,0.500,1.272,
39,22,1.466,0.843,
39,23,1.160,1.238,
39,24,1.078,0.402,
39,25,0.778,1.076,
39,26,1.054,1.568,
39,27,0.796,0.051,
39,28,0.866,0.826,
39,29,0.647,-0.104,
39,30,0.366,0.767,
39,31,0.912,0.738,
39,32,1.209,1.175,
39,33,0.698,0.243,
39,34,0.906,0.842,
39,35,1.183,0.176,
39,36,1.199,1.838,
39,37,0.848,-0.291,
39,38,0.948,0.669,
39,39,1.379,1.708,
39,40,0.942,0.623,
39,41,0.844,0.150,
39,42,0.940,1.687,
39,43,0.730,0.386,
39,44,0.861,0.422,
39,45,0.644,1.021,
39,46,0.722,-0.362,
39,47,1.281,0.779,
39,48,0.696,1.606,
39,49,0.896,0.875,
39,50,0.340,0.666,
40,1,0.766,-0.269,
40,2,0.678,-0.360,
40,3,1.185,1.927,
40,4,1.609,1.176,
40,5,0.398,-0.397,
40,6,0.187,-0.214,
40,7,0.496,-0.218,
40,8,1.484,1.255,
40,9,1.993,1.851,
40,10,1.155,0.909,
40,11,0.846,0.685,
40,12,0.589,1.095,
40,13,0.604,0.859,
40,14,0.968,1.504,
40,15,1.264,1.213,
40,16,0.180,-0.734,
40,17,0.690,1.502,
40,18,1.319,1.536,
40,19,1.394,1.827,
40,20,1.743,1.372,
40,21,0.928,1.170,
40,22,1.508,1.556,
40,23,0.813,0.995,
40,24,0.346,0.720,
40,25,1.382,1.890,
40,26,1.227,2.158,
40,27,1.036,0.795,
40,28,0.591,0.607,
40,29,0.688,-0.133,
40,30,0.951,1.068,
40,31,1.649,2.355,
40,32,0.529,0.914,
40,33,0.588,0.584,
40,34,1.113,0.855,
40,35,0.728,0.659,
40,36,0.420,0.284,
40,37,1.152,1.255,
40,38,1.298,1.949,
40,39,0.505,0.221,
40,40,1.152,1.595,
40,41,0.991,0.834,
40,42,1.163,1.544,
40,43,0.876,0.833,
40,44,1.772,1.971,
40,45,1.126,1.397,
40,46,2.074,1.360,
40,47,0.902,1.227,
40,48,0.675,0.812,
40,49,1.007,1.298,
40,50,0.446,0.167,
41,1,1.218,2.642,
41,2,1.059,2.184,
41,3,0.917,2.058,
41,4,0.771,0.824,
41,5,0.657,0.990,
41,6,1.571,2.533,
41,7,0.933,2.198,
41,8,0.622,1.063,
41,9,1.305,2.653,
41,10,1.202,1.813,
41,11,0.558,1.098,
41,12,1.275,2.355,
41,13,0.463,0.393,
41,14,1.706,3.000,
41,15,0.703,1.139,
41,16,0.912,0.924,
41,17,1.177,2.078,
41,18,1.102,2.179,
41,19,0.626,0.482,
41,20,1.015,1.963,
41,21,1.108,1.172,
41,22,1.228,1.422,
41,23,1.279,2.321,
41,24,1.074,1.813,
41,25,1.715,2.435,
41,26,0.980,1.517,
41,27,0.736,0.923,
41,28,1.603,3.696,
41,29,0.827,0.601,
41,30,1.358,2.256,
41,31,1.482,2.208,
41,32,0.676,1.246,
41,33,0.996,1.281,
41,34,1.009,1.882,
41,35,0.279,0.359,
41,36,0.846,0.720,
41,37,0.977,2.325,
41,38,0.943,1.534,
41,39,0.387,0.131,
41,40,0.837,0.283,
41,41,0.920,2.070,
41,42,0.576,1.209,
41,43,-0.001,0.317,
41,44,0.764,0.988,
41,45,0.721,1.319,
41,46,1.581,2.858,
41,47,0.435,0.934,
41,48,1.004,1.584,
41,49,1.037,1.036,
41,50,1.389,1.774,
42,1,0.569,0.940,
42,2,0.885,0.517,
42,3,1.173,0.464,
42,4,0.779,0.850,
42,5,2.040,1.450,
42,6,1.227,1.120,
42,7,1.001,1.163,
42,8,0.316,-0.081,
42,9,1.363,1.281,
42,10,1.591,0.922,
42,11,0.556,0.260,
42,12,1.241,1.069,
42,13,0.960,0.587,
42,14,0.999,0.855,
42,15,0.562,0.438,
42,16,1.313,1.317,
42,17,0.510,0.597,
42,18,0.874,-0.438,
42,19,0.862,1.095,
42,20,0.733,0.363,
42,21,1.155,0.640,
42,22,1.466,1.223,
42,23,1.051,1.350,
42,24,0.994,0.393,
42,25,0.480,0.437,
42,26,0.595,-0.357,
42,27,1.655,1.249,
42,28,1.053,0.473,
42,29,1.310,1.507,
42,30,1.675,1.311,
42,31,0.922,0.421,
42,32,0.766,-0.298,
42,33,1.194,0.706,
42,34,0.636,0.016,
42,35,0.690,0.199,
42,36,0.827,0.859,
42,37,0.161,-0.202,
42,38,0.674,0.134,
42,39,1.113,1.006,
42,40,0.798,1.071,
42,41,0.960,0.804,
42,42,-0.196,-0.916,
42,43,1.040,1.149,
42,44,0.979,1.208,
42,45,0.710,-0.066,
42,46,0.922,-0.073,
42,47,1.321,0.672,
42,48,0.839,-0.455,
42,49,1.428,1.042,
42,50,0.504,0.661,
43,1,1.683,0.961,
43,2,0.825,1.045,
43,3,1.437,1.140,
43,4,0.673,0.440,
43,5,0.452,0.521,
43,6,0.874,1.144,
43,7,1.910,1.565,
43,8,1.535,1.664,
43,9,1.177,0.267,
43,10,0.543,0.904,
43,11,0.616,-0.440,
43,12,1.699,1.101,
43,13,1.334,1.323,
43,14,1.267,0.440,
43,15,0.964,0.503,
43,16,0.535,0.405,
43,17,1.428,1.762,
43,18,1.136,1.105,
43,19,1.081,0.589,
43,20,1.487,2.234,
43,21,1.022,0.122,
43,22,1.454,0.473,
43,23,0.556,0.361,
43,24,1.722,1.746,
43,25,1.152,-0.024,
43,26,0.880,0.195,
43,27,1.251,0.580,
43,28,1.106,0.562,
43,29,1.227,0.859,
43,30,1.449,1.364,
43,31,1.114,-0.299,
43,32,0.974,1.022,
43,33,1.552,1.260,
43,34,1.004,0.456,
43,35,1.015,0.699,
43,36,1.262,1.265,
43,37,1.206,0.948,
43,38,1.070,0.798,
43,39,1.147,0.339,
43,40,1.528,1.396,
43,41,1.123,0.604,
43,42,0.964,0.704,
43,43,1.061,1.094,
43,44,0.824,0.388,
43,45,1.182,0.491,
43,46,1.163,0.385,
43,47,1.280,0.462,
43,48,1.093,0.907,
43,49,1.523,1.468,
43,50,0.491,0.093,
44,1,1.129,0.444,
44,2,1.131,1.145,
44,3,0.944,1.198,
44,4,0.905,0.962,
44,5,1.398,1.076,
44,6,1.044,1.191,
44,7,0.127,0.865,
44,8,1.098,1.169,
44,9,0.859,-0.367,
44,10,0.716,-0.042,
44,11,1.033,1.227,
44,12,1.048,0.942,
44,13,1.805,2.454,
44,14,1.211,0.838,
44,15,1.326,2.133,
44,16,0.433,0.609,
44,17,0.563,0.665,
44,18,1.120,1.485,
44,19,0.829,0.017,
44,20,1.053,1.399,
44,21,1.363,2.492,
44,22,1.881,1.423,
44,23,1.218,1.772,
44,24,1.525,1.876,
44,25,0.469,0.279,
44,26,1.217,1.120,
44,27,0.609,1.042,
44,28,1.615,1.837,
44,29,0.923,0.685,
44,30,1.294,1.735,
44,31,1.310,0.625,
44,32,0.386,-0.921,
44,33,1.200,1.392,
44,34,0.938,0.828,
44,35,1.824,1.484,
44,36,0.768,0.311,
44,37,0.789,0.906,
44,38,1.440,2.073,
44,39,1.446,1.024,
44,40,0.518,0.478,
44,41,2.134,2.153,
44,42,1.552,2.060,
44,43,0.495,0.768,
44,44,1.524,2.042,
44,45,0.773,1.156,
44,46,0.766,0.588,
44,47,0.861,1.131,
44,48,-0.057,0.213,
44,49,0.831,0.629,
44,50,0.431,0.303,
45,1,0.689,0.786,
45,2,1.250,1.547,
45,3,1.173,0.740,
45,4,1.503,1.793,
45,5,0.545,0.798,
45,6,0.543,-0.259,
45,7,0.470,0.153,
45,8,1.092,1.472,
45,9,0.390,0.890,
45,10,0.986,1.546,
45,11,0.870,0.881,
45,12,1.528,1.553,
45,13,1.724,3.016,
45,14,2.039,1.511,
45,15,0.305,0.043,
45,16,0.728,1.075,
45,17,1.012,1.343,
45,18,1.640,1.263,
45,19,0.673,0.744,
45,20,1.153,1.238,
45,21,1.666,0.966,
45,22,1.187,1.091,
45,23,0.694,1.288,
45,24,0.670,0.946,
45,25,0.543,0.089,
45,26,1.687,1.225,
45,27,1.154,1.839,
45,28,1.723,1.727,
45,29,1.863,1.881,
45,30,0.863,0.546,
45,31,2.214,2.356,
45,32,1.376,1.473,
45,33,0.658,0.462,
45,34,1.037,1.512,
45,35,1.019,1.570,
45,36,1.622,1.142,
45,37,1.058,1.027,
45,38,0.984,0.033,
45,39,1.300,1.439,
45,40,0.877,0.775,
45,41,1.314,0.044,
45,42,1.075,1.682,
45,43,1.504,2.181,
45,44,1.538,1.355,
45,45,1.069,0.428,
45,46,1.553,1.887,
45,47,1.142,1.863,
45,48,1.444,2.002,
45,49,0.611,0.319,
45,50,0.772,-0.304,
46,1,1.081,1.111,
46,2,1.023,0.668,
46,3,1.579,1.953,
46,4,0.786,2.047,
46,5,1.061,0.766,
46,6,0.541,0.620,
46,7,0.826,0.440,
46,8,0.978,0.863,
46,9,1.269,1.521,
46,10,0.984,0.836,
46,11,1.294,1.862,
46,12,1.106,1.717,
46,13,1.095,1.412,
46,14,1.520,2.013,
46,15,1.571,2.176,
46,16,1.091,1.606,
46,17,0.911,1.233,
46,18,1.729,1.696,
46,19,0.803,1.473,
46,20,1.207,0.615,
46,21,1.418,1.320,
46,22,1.440,1.830,
46,23,1.431,2.227,
46,24,0.498,0.118,
46,25,0.701,-0.092,
46,26,1.005,0.045,
46,27,0.329,0.122,
46,28,0.340,0.184,
46,29,1.078,1.263,
46,30,1.149,1.923,
46,31,0.081,0.772,
46,32,1.046,1.344,
46,33,1.068,2.481,
46,34,0.793,1.877,
46,35,0.561,0.441,
46,36,1.091,1.822,
46,37,0.409,0.340,
46,38,0.816,0.649,
46,39,1.093,1.268,
46,40,0.540,0.852,
46,41,0.667,1.226,
46,42,1.488,1.838,
46,43,0.833,0.068,
46,44,1.058,1.186,
46,45,1.086,1.311,
46,46,0.526,0.836,
46,47,0.633,1.182,
46,48,1.394,1.933,
46,49,1.215,1.213,
46,50,1.531,1.785,
47,1,0.962,1.270,
47,2,0.899,1.342,
47,3,0.917,0.037,
47,4,0.920,1.632,
47,5,0.779,1.488,
47,6,1.536,0.730,
47,7,1.321,1.069,
47,8,0.598,1.488,
47,9,1.098,1.854,
47,10,0.950,0.595,
47,11,0.915,0.862,
47,12,0.750,-0.155,
47,13,0.922,1.693,
47,14,1.178,1.848,
47,15,1.266,1.041,
47,16,0.783,1.479,
47,17,1.029,1.008,
47,18,0.863,0.229,
47,19,0.120,1.016,
47,20,1.415,2.224,
47,21,1.292,1.137,
47,22,0.927,1.023,
47,23,1.094,1.263,
47,24,1.542,1.312,
47,25,1.125,1.317,
47,26,1.624,1.520,
47,27,0.954,1.337,
47,28,1.348,0.584,
47,29,0.866,1.397,
47,30,2.874,2.633,
47,31,0.955,1.300,
47,32,-0.001,-0.095,
47,33,0.760,1.050,
47,34,0.933,1.844,
47,35,0.614,0.796,
47,36,0.911,1.323,
47,37,0.361,0.849,
47,38,0.842,1.241,
47,39,0.837,0.129,
47,40,0.422,0.516,
47,41,1.155,2.283,
47,42,1.444,1.913,
47,43,0.980,1.112,
47,44,0.852,0.481,
47,45,0.638,0.712,
47,46,0.980,1.367,
47,47,0.554,1.432,
47,48,1.373,1.422,
47,49,1.193,0.906,
47,50,1.422,2.105,
48,1,0.507,-0.187,
48,2,0.953,0.793,
48,3,1.519,1.775,
48,4,0.806,1.289,
48,5,0.956,1.652,
48,6,1.155,2.031,
48,7,0.671,0.966,
48,8,0.485,1.191,
48,9,0.921,0.210,
48,10,1.586,1.448,
48,11,1.805,2.551,
48,12,1.377,1.204,
48,13,1.800,2.295,
48,14,1.108,1.526,
48,15,0.626,1.654,
48,16,0.693,0.200,
48,17,1.016,1.075,
48,18,0.153,0.014,
48,19,0.763,1.293,
48,20,0.801,1.081,
48,21,0.858,1.515,
48,22,0.980,0.703,
48,23,1.322,1.664,
48,24,1.006,1.783,
48,25,1.056,0.382,
48,26,0.433,-0.115,
48,27,1.449,1.709,
48,28,0.046,0.163,
48,29,1.591,2.262,
48,30,1.213,1.969,
48,31,0.855,1.556,
48,32,0.326,1.423,
48,33,1.318,1.622,
48,34,1.825,2.088,
48,35,0.893,1.204,
48,36,1.162,2.521,
48,37,1.020,1.111,
48,38,1.532,1.587,
48,39,0.690,1.578,
48,40,0.412,0.357,
48,41,1.160,0.547,
48,42,1.068,1.353,
48,43,0.712,0.163,
48,44,1.350,0.974,
48,45,0.494,1.058,
48,46,1.008,0.861,
48,47,0.977,0.931,
48,48,0.451,0.611,
48,49,0.598,0.476,
48,50,1.093,1.769,
49,1,0.606,0.933,
49,2,1.239,1.962,
49,3,0.869,0.301,
49,4,0.721,0.742,
49,5,1.248,1.325,
49,6,0.899,1.003,
49,7,0.705,0.798,
49,8,0.870,0.840,
49,9,0.598,1.075,
49,10,1.649,1.738,
49,11,0.834,1.038,
49,12,0.314,0.712,
49,13,0.868,0.506,
49,14,0.799,0.676,
49,15,0.788,0.529,
49,16,1.188,1.641,
49,17,0.837,1.867,
49,18,0.842,0.569,
49,19,0.997,1.291,
49,20,1.079,1.310,
49,21,-0.008,-0.403,
49,22,0.435,0.101,
49,23,1.175,1.174,
49,24,1.294,1.594,
49,25,0.911,1.210,
49,26,1.194,1.186,
49,27,1.055,1.124,
49,28,0.759,0.872,
49,29,1.575,1.728,
49,30,0.566,-0.291,
49,31,1.460,2.364,
49,32,1.071,1.583,
49,33,1.044,1.853,
49,34,0.758,1.188,
49,35,0.916,1.454,
49,36,1.544,1.509,
49,37,1.094,1.469,
49,38,1.348,1.855,
49,39,0.817,0.479,
49,40,0.963,1.787,
49,41,0.240,-0.071,
49,42,1.146,0.843,
49,43,1.093,1.736,
49,44,1.153,0.664,
49,45,1.248,1.178,
49,46,0.744,0.310,
49,47,1.364,1.543,
49,48,0.955,1.653,
49,49,0.464,0.155,
49,50,0.856,0.977,
50,1,0.597,0.213,
50,2,1.069,1.702,
50,3,1.276,0.791,
50,4,1.053,1.342,
50,5,1.313,1.020,
50,6,1.568,1.426,
50,7,1.068,0.519,
50,8,0.998,1.381,
50,9,0.949,0.914,
50,10,1.769,0.945,
50,11,1.479,1.191,
50,12,1.336,1.232,
50,13,1.519,0.949,
50,14,0.549,0.156,
50,15,0.948,0.243,
50,16,0.354,0.327,
50,17,0.921,1.233,
50,18,1.197,1.278,
50,19,1.089,0.300,
50,20,1.618,1.701,
50,21,0.611,0.015,
50,22,1.001,0.798,
50,23,1.101,0.887,
50,24,0.928,0.096,
50,25,1.095,1.163,
50,26,1.453,0.644,
50,27,1.092,0.235,
50,28,0.744,-0.333,
50,29,0.751,1.045,
50,30,1.104,0.821,
50,31,0.819,0.579,
50,32,1.401,1.530,
50,33,1.722,1.144,
50,34,0.430,0.079,
50,35,1.499,1.875,
50,36,1.471,1.344,
50,37,0.978,0.896,
50,38,1.361,0.972,
50,39,1.479,1.108,
50,40,0.910,-0.102,
50,41,0.946,1.217,
50,42,0.832,0.265,
50,43,0.660,1.618,
50,44,0.882,0.923,
50,45,0.984,1.573,
50,46,1.395,0.872,
50,47,0.675,1.179,
50,48,1.345,0.797,
50,49,0.633,0.238,
50,50,1.473,1.769,
51,1,0.697,0.796,
51,2,1.187,1.177,
51,3,1.403,1.849,
51,4,1.450,1.346,
51,5,1.128,1.339,
51,6,0.689,0.250,
51,7,1.050,0.550,
51,8,0.908,0.459,
51,9,0.530,0.315,
51,10,1.110,1.619,
51,11,1.620,2.192,
51,12,0.883,0.527,
51,13,1.023,1.848,
51,14,1.280,1.422,
51,15,1.148,0.618,
51,16,1.877,2.156,
51,17,0.983,1.294,
51,18,1.049,1.065,
51,19,1.221,1.708,
51,20,1.043,0.923,
51,21,0.353,-0.487,
51,22,1.286,1.332,
51,23,1.350,1.592,
51,24,0.563,1.826,
51,25,0.970,1.266,
51,26,1.096,1.009,
51,27,0.806,0.472,
51,28,0.936,1.484,
51,29,1.289,1.714,
51,30,0.750,1.568,
51,31,0.737,0.568,
51,32,0.787,0.671,
51,33,1.364,0.892,
51,34,0.985,1.207,
51,35,0.249,-0.058,
51,36,0.383,-0.492,
51,37,1.409,1.463,
51,38,1.021,1.319,
51,39,0.590,-0.013,
51,40,1.312,1.388,
51,41,0.681,0.166,
51,42,1.100,1.777,
51,43,1.655,1.903,
51,44,1.123,1.300,
51,45,0.445,0.299,
51,46,1.086,1.812,
51,47,1.932,2.907,
51,48,0.587,0.726,
51,49,1.008,1.069,
51,50,0.417,-0.219,
52,1,0.993,1.275,
52,2,1.475,1.292,
52,3,0.493,-0.018,
52,4,1.152,0.586,
52,5,0.908,0.936,
52,6,1.835,1.797,
52,7,0.714,0.436,
52,8,1.322,1.719,
52,9,0.386,0.734,
52,10,1.396,1.832,
52,11,1.522,1.309,
52,12,1.127,1.399,
52,13,0.856,0.930,
52,14,0.541,-0.827,
52,15,0.630,0.695,
52,16,0.040,-1.010,
52,17,1.616,1.884,
52,18,1.519,1.711,
52,19,1.074,1.949,
52,20,1.804,3.124,
52,21,0.809,1.292,
52,22,1.020,1.813,
52,23,1.119,1.642,
52,24,1.495,1.988,
52,25,1.271,1.094,
52,26,1.158,1.559,
52,27,0.685,0.743,
52,28,0.897,1.903,
52,29,1.526,1.527,
52,30,1.500,0.906,
52,31,1.148,1.217,
52,32,0.921,-0.163,
52,33,0.962,1.256,
52,34,1.544,1.336,
52,35,1.327,1.312,
52,36,0.904,0.940,
52,37,1.162,1.049,
52,38,1.190,1.433,
52,39,0.797,0.878,
52,40,0.788,1.191,
52,41,0.744,0.667,
52,42,1.149,0.875,
52,43,0.514,-0.539,
52,44,1.052,1.325,
52,45,0.962,0.498,
52,46,0.770,1.132,
52,47,0.365,0.242,
52,48,1.103,0.230,
52,49,1.090,-0.079,
52,50,0.288,0.538,
53,1,0.702,0.874,
53,2,0.977,0.010,
53,3,1.486,1.216,
53,4,1.174,1.512,
53,5,1.094,0.848,
53,6,1.451,0.786,
53,7,1.238,1.483,
53,8,0.022,0.075,
53,9,0.755,0.867,
53,10,1.139,1.386,
53,11,1.317,0.536,
53,12,1.045,-0.163,
53,13,0.890,0.493,
53,14,1.416,1.649,
53,15,1.008,0.211,
53,16,1.414,1.150,
53,17,0.536,0.218,
53,18,0.695,0.291,
53,19,0.226,-0.100,
53,20,1.023,0.675,
53,21,0.403,0.822,
53,22,0.884,1.241,
53,23,1.368,0.697,
53,24,1.436,1.825,
53,25,1.186,1.215,
53,26,1.314,0.605,
53,27,1.108,0.725,
53,28,0.429,0.476,
53,29,1.341,1.885,
53,30,0.625,-0.265,
53,31,0.653,0.567,
53,32,0.712,-0.037,
53,33,0.184,0.384,
53,34,0.691,0.751,
53,35,0.691,0.270,
53,36,0.296,0.229,
53,37,0.437,-0.172,
53,38,0.594,0.609,
53,39,1.974,1.333,
53,40,0.735,-0.180,
53,41,1.074,1.407,
53,42,1.041,1.062,
53,43,1.040,0.984,
53,44,0.491,1.354,
53,45,0.795,0.139,
53,46,0.752,1.044,
53,47,0.613,-0.253,
53,48,1.077,1.100,
53,49,0.286,-0.449,
53,50,1.137,1.552,
54,1,0.654,1.681,
54,2,0.924,1.659,
54,3,1.441,1.807,
54,4,1.218,1.630,
54,5,0.465,-0.553,
54,6,0.577,0.537,
54,7,0.878,1.345,
54,8,0.949,1.941,
54,9,1.551,1.738,
54,10,0.819,1.367,
54,11,1.393,2.323,
54,12,1.113,2.101,
54,13,1.190,2.003,
54,14,0.312,0.797,
54,15,-0.236,-0.238,
54,16,0.755,1.139,
54,17,0.941,0.420,
54,18,0.751,0.979,
54,19,1.862,1.987,
54,20,1.130,1.060,
54,21,0.565,0.578,
54,22,1.203,0.853,
54,23,0.546,0.602,
54,24,1.209,0.809,
54,25,0.169,0.708,
54,26,1.327,1.798,
54,27,1.125,1.876,
54,28,0.824,1.295,
54,29,0.617,-0.075,
54,30,0.683,1.211,
54,31,0.517,1.313,
54,32,1.655,1.539,
54,33,0.414,0.006,
54,34,1.076,1.238,
54,35,1.032,1.416,
54,36,1.325,1.562,
54,37,1.266,1.584,
54,38,0.667,0.088,
54,39,1.593,1.785,
54,40,0.567,1.400,
54,41,1.146,1.915,
54,42,0.942,1.067,
54,43,0.405,0.401,
54,44,1.489,1.914,
54,45,1.531,2.302,
54,46,0.470,0.349,
54,47,0.778,1.492,
54,48,0.775,1.061,
54,49,0.610,0.448,
54,50,1.015,0.788,
55,1,1.652,1.006,
55,2,1.240,0.855,
55,3,1.921,0.947,
55,4,0.506,0.139,
55,5,1.158,0.346,
55,6,0.657,0.629,
55,7,0.946,1.388,
55,8,1.063,0.927,
55,9,1.101,1.345,
55,10,0.701,0.171,
55,11,1.434,1.535,
55,12,1.176,0.808,
55,13,0.986,0.475,
55,14,1.261,0.865,
55,15,1.339,1.345,
55,16,0.211,0.686,
55,17,0.251,-0.395,
55,18,1.475,1.002,
55,19,0.720,0.516,
55,20,0.837,0.412,
55,21,0.488,0.668,
55,22,1.038,0.760,
55,23,1.221,0.725,
55,24,0.353,0.499,
55,25,0.907,0.441,
55,26,1.214,0.742,
55,27,1.071,0.148,
55,28,0.823,0.670,
55,29,1.022,0.641,
55,30,1.228,1.272,
55,31,0.441,0.654,
55,32,0.922,0.115,
55,33,0.041,0.519,
55,34,1.473,1.382,
55,35,0.692,0.923,
55,36,1.317,0.469,
55,37,1.179,0.907,
55,38,0.893,0.974,
55,39,0.861,0.664,
55,40,0.763,1.050,
55,41,0.180,0.407,
55,42,0.666,0.909,
55,43,1.360,0.897,
55,44,0.521,0.457,
55,45,0.418,-0.237,
55,46,1.585,0.915,
55,47,0.979,0.171,
55,48,1.354,1.198,
55,49,0.440,0.426,
55,50,1.362,0.674,
56,1,1.686,1.718,
56,2,0.633,1.129,
56,3,0.957,1.079,
56,4,1.060,0.838,
56,5,-0.094,0.477,
56,6,1.520,1.180,
56,7,1.221,1.265,
56,8,0.596,-0.320,
56,9,0.527,-0.555,
56,10,1.162,0.585,
56,11,1.617,0.780,
56,12,0.421,0.497,
56,13,0.858,0.430,
56,14,1.020,1.483,
56,15,1.858,0.706,
56,16,1.164,0.690,
56,17,0.758,-0.013,
56,18,0.723,0.587,
56,19,0.270,1.042,
56,20,1.542,2.007,
56,21,1.060,0.021,
56,22,1.209,1.348,
56,23,0.784,0.608,
56,24,1.276,1.175,
56,25,1.953,2.181,
56,26,1.040,0.129,
56,27,1.692,1.871,
56,28,1.812,1.986,
56,29,1.022,-0.163,
56,30,0.584,0.872,
56,31,1.461,0.683,
56,32,0.876,0.618,
56,33,0.608,0.059,
56,34,1.441,1.330,
56,35,1.126,0.304,
56,36,0.790,0.489,
56,37,1.335,1.604,
56,38,0.704,1.206,
56,39,1.033,0.696,
56,40,0.889,0.892,
56,41,0.802,0.869,
56,42,1.059,0.955,
56,43,1.253,1.708,
56,44,0.723,-0.520,
56,45,0.815,0.963,
56,46,0.793,0.764,
56,47,0.912,0.456,
56,48,0.269,-0.011,
56,49,1.416,1.409,
56,50,1.102,0.639,
57,1,0.793,1.141,
57,2,1.831,1.798,
57,3,0.936,1.022,
57,4,0.302,0.799,
57,5,1.364,0.832,
57,6,0.779,0.898,
57,7,1.586,0.595,
57,8,1.529,1.436,
57,9,0.672,0.529,
57,10,1.087,0.126,
57,11,1.105,1.328,
57,12,0.927,1.164,
57,13,1.413,0.997,
57,14,1.338,0.995,
57,15,0.713,0.851,
57,16,1.613,1.144,
57,17,0.991,0.982,
57,18,0.848,1.450,
57,19,1.481,1.750,
57,20,0.567,0.855,
57,21,0.932,0.661,
57,22,1.331,1.432,
57,23,1.216,0.275,
57,24,0.641,0.567,
57,25,1.254,1.545,
57,26,1.237,1.074,
57,27,1.192,0.763,
57,28,1.315,1.657,
57,29,0.909,1.382,
57,30,1.057,1.022,
57,31,1.395,1.831,
57,32,1.075,1.146,
57,33,1.165,1.994,
57,34,0.742,1.095,
57,35,1.240,1.408,
57,36,1.182,1.944,
57,37,0.416,-0.087,
57,38,1.154,1.483,
57,39,1.171,0.869,
57,40,0.677,0.531,
57,41,1.608,1.368,
57,42,0.255,0.194,
57,43,1.153,1.004,
57,44,1.604,2.160,
57,45,0.652,0.591,
57,46,-0.116,-0.409,
57,47,0.545,0.647,
57,48,0.639,0.585,
57,49,0.902,1.177,
57,50,1.322,1.384,
58,1,-0.093,-0.468,
58,2,1.306,0.362,
58,3,1.130,1.452,
58,4,1.086,0.635,
58,5,1.079,-0.079,
58,6,0.365,0.459,
58,7,0.916,0.535,
58,8,0.977,0.692,
58,9,0.751,0.929,
58,10,0.857,1.771,
58,11,0.971,1.485,
58,12,1.642,1.049,
58,13,0.702,0.582,
58,14,1.142,1.220,
58,15,1.349,1.214,
58,16,1.160,1.020,
58,17,0.510,1.310,
58,18,1.386,1.796,
58,19,1.092,1.606,
58,20,0.970,1.246,
58,21,0.802,1.370,
58,22,1.337,0.796,
58,23,1.170,-0.206,
58,24,0.715,1.365,
58,25,0.835,0.954,
58,26,1.317,0.863,
58,27,0.493,0.046,
58,28,1.616,0.558,
58,29,0.885,-0.157,
58,30,0.782,0.430,
58,31,0.612,-0.207,
58,32,1.250,1.313,
58,33,0.815,1.176,
58,34,1.402,0.606,
58,35,2.079,1.345,
58,36,1.317,1.168,
58,37,0.676,0.455,
58,38,1.308,1.567,
58,39,1.211,1.770,
58,40,1.156,0.497,
58,41,0.883,0.240,
58,42,0.870,0.905,
58,43,1.321,1.823,
58,44,0.880,-0.318,
58,45,1.032,0.382,
58,46,1.213,0.843,
58,47,0.227,-0.305,
58,48,1.118,1.113,
58,49,1.321,0.320,
58,50,1.080,-0.356,
59,1,0.723,1.396,
59,2,1.167,2.491,
59,3,1.304,1.115,
59,4,0.721,0.576,
59,5,0.357,0.064,
59,6,0.434,0.868,
59,7,1.280,1.150,
59,8,1.457,1.266,
59,9,1.155,1.302,
59,10,1.316,1.167,
59,11,0.914,1.289,
59,12,0.705,2.142,
59,13,0.659,0.909,
59,14,1.328,2.030,
59,15,0.899,0.734,
59,16,0.090,-0.058,
59,17,0.327,0.006,
59,18,1.352,0.682,
59,19,1.037,1.202,
59,20,1.501,2.511,
59,21,1.523,2.124,
59,22,0.962,1.276,
59,23,1.150,0.697,
59,24,0.672,0.575,
59,25,0.452,0.022,
59,26,1.161,1.408,
59,27,1.201,0.901,
59,28,1.353,1.262,
59,29,0.805,2.041,
59,30,1.473,1.513,
59,31,0.713,-0.779,
59,32,0.659,0.858,
59,33,1.719,1.007,
59,34,1.083,0.954,
59,35,0.754,1.535,
59,36,0.893,1.455,
59,37,1.261,1.470,
59,38,0.797,0.926,
59,39,1.122,1.776,
59,40,1.061,1.148,
59,41,1.391,2.723,
59,42,0.808,0.687,
59,43,1.497,1.243,
59,44,1.079,0.690,
59,45,0.704,1.232,
59,46,0.812,0.312,
59,47,0.947,0.192,
59,48,0.377,0.475,
59,49,0.994,1.178,
59,50,1.458,1.245,
60,1,1.028,0.100,
60,2,1.333,0.410,
60,3,0.754,0.031,
60,4,0.880,1.310,
60,5,0.735,0.615,
60,6,1.046,0.095,
60,7,0.784,0.828,
60,8,0.205,-0.128,
60,9,1.053,1.294,
60,10,1.432,1.185,
60,11,1.416,0.789,
60,12,0.933,0.964,
60,13,1.324,0.931,
60,14,0.766,0.933,
60,15,0.603,0.282,
60,16,1.121,1.359,
60,17,1.042,0.844,
60,18,0.479,0.036,
60,19,1.516,0.818,
60,20,1.333,0.908,
60,21,1.276,0.866,
60,22,0.809,0.686,
60,23,0.938,0.221,
60,24,0.469,1.013,
60,25,1.141,1.543,
60,26,1.642,1.443,
60,27,0.767,0.620,
60,28,1.207,0.612,
60,29,1.846,1.226,
60,30,1.519,0.431,
60,31,1.184,1.149,
60,32,1.041,0.856,
60,33,0.358,-0.277,
60,34,0.365,0.695,
60,35,0.479,0.125,
60,36,0.545,0.107,
60,37,0.854,0.616,
60,38,1.067,1.374,
60,39,1.098,0.738,
60,40,1.673,1.533,
60,41,1.173,0.553,
60,42,0.724,1.371,
60,43,0.499,0.610,
60,44,0.701,1.109,
60,45,0.561,1.038,
60,46,0.982,0.794,
60,47,1.064,-0.467,
60,48,1.558,1.806,
60,49,1.301,0.989,
60,50,0.936,1.212,
61,1,0.887,1.824,
61,2,1.258,1.988,
61,3,1.253,2.174,
61,4,0.996,1.248,
61,5,0.725,0.799,
61,6,1.425,0.293,
61,7,0.579,0.685,
61,8,0.830,0.890,
61,9,0.734,0.970,
61,10,0.845,0.492,
61,11,0.859,0.603,
61,12,0.871,1.225,
61,13,0.168,0.262,
61,14,0.882,1.371,
61,15,1.403,1.759,
61,16,0.835,1.290,
61,17,1.224,1.470,
61,18,1.288,1.004,
61,19,0.748,1.636,
61,20,0.935,1.004,
61,21,1.174,2.042,
61,22,0.792,-0.067,
61,23,0.418,1.276,
61,24,1.358,1.760,
61,25,1.376,1.068,
61,26,1.123,1.353,
61,27,1.252,2.379,
61,28,0.649,1.004,
61,29,1.778,1.811,
61,30,1.697,1.476,
61,31,0.347,0.794,
61,32,1.103,0.947,
61,33,1.085,1.629,
61,34,1.700,1.882,
61,35,1.091,0.713,
61,36,0.245,0.046,
61,37,0.838,1.339,
61,38,1.132,1.956,
61,39,1.250,2.347,
61,40,1.150,1.527,
61,41,0.897,1.235,
61,42,1.251,1.615,
61,43,0.687,0.876,
61,44,1.065,1.407,
61,45,1.349,1.631,
61,46,1.300,0.782,
61,47,0.776,0.279,
61,48,0.723,1.143,
61,49,0.582,0.496,
61,50,0.957,2.585,
62,1,0.967,1.135,
62,2,0.087,-0.014,
62,3,0.511,0.986,
62,4,1.214,0.631,
62,5,0.691,0.015,
62,6,1.374,1.108,
62,7,0.531,0.182,
62,8,0.962,-0.058,
62,9,0.696,1.119,
62,10,1.925,1.765,
62,11,0.828,0.873,
62,12,0.916,1.309,
62,13,0.652,0.647,
62,14,0.807,0.445,
62,15,1.192,1.547,
62,16,1.132,2.144,
62,17,1.185,1.240,
62,18,0.585,1.370,
62,19,1.187,1.430,
62,20,1.150,1.217,
62,21,1.138,0.307,
62,22,1.069,0.468,
62,23,1.054,1.080,
62,24,1.233,1.267,
62,25,1.121,1.190,
62,26,0.956,0.762,
62,27,0.975,1.236,
62,28,0.303,0.681,
62,29,0.720,-0.136,
62,30,1.078,0.879,
62,31,1.136,0.908,
62,32,0.610,-0.121,
62,33,0.531,-0.389,
62,34,0.275,0.563,
62,35,0.783,1.673,
62,36,0.776,0.330,
62,37,0.810,0.181,
62,38,0.880,1.137,
62,39,0.716,1.427,
62,40,1.439,1.609,
62,41,1.407,1.908,
62,42,1.220,1.082,
62,43,0.608,0.765,
62,44,0.567,1.090,
62,45,1.377,1.345,
62,46,0.493,0.140,
62,47,0.613,0.181,
62,48,0.927,0.510,
62,49,1.132,1.216,
62,50,0.978,1.458,
63,1,0.926,0.593,
63,2,0.852,1.480,
63,3,0.314,0.023,
63,4,0.585,0.576,
63,5,1.066,1.083,
63,6,1.101,-0.308,
63,7,1.483,1.606,
63,8,1.093,-0.224,
63,9,0.849,0.681,
63,10,0.470,-0.397,
63,11,1.000,0.332,
63,12,1.830,0.728,
63,13,0.592,1.245,
63,14,1.041,0.155,
63,15,0.892,0.550,
63,16,1.045,0.719,
63,17,1.062,0.309,
63,18,1.564,1.698,
63,19,0.559,-0.053,
63,20,0.446,-0.052,
63,21,0.742,0.166,
63,22,1.109,0.682,
63,23,0.834,0.166,
63,24,1.091,0.212,
63,25,0.601,0.049,
63,26,1.518,1.759,
63,27,0.623,0.924,
63,28,0.958,0.745,
63,29,1.722,1.044,
63,30,0.868,0.497,
63,31,1.634,0.078,
63,32,1.976,1.660,
63,33,0.730,0.027,
63,34,0.535,-0.027,
63,35,0.878,0.439,
63,36,0.784,0.265,
63,37,0.825,0.471,
63,38,1.071,0.307,
63,39,0.959,-0.230,
63,40,1.102,0.153,
63,41,0.935,0.625,
63,42,0.497,0.957,
63,43,1.274,0.572,
63,44,0.981,1.709,
63,45,1.408,0.545,
63,46,1.333,0.402,
63,47,1.220,0.573,
63,48,0.522,0.032,
63,49,1.503,1.266,
63,50,1.427,0.723,
64,1,1.289,2.403,
64,2,1.660,3.151,
64,3,0.689,1.202,
64,4,1.365,2.280,
64,5,1.236,2.464,
64,6,0.733,0.582,
64,7,1.042,1.311,
64,8,1.484,1.990,
64,9,0.614,0.619,
64,10,1.227,1.150,
64,11,0.645,0.647,
64,12,0.873,0.831,
64,13,0.653,0.901,
64,14,1.439,2.068,
64,15,0.742,1.788,
64,16,1.340,2.914,
64,17,0.846,1.183,
64,18,0.909,1.222,
64,19,0.476,0.418,
64,20,1.049,1.742,
64,21,0.391,1.456,
64,22,0.827,0.446,
64,23,1.163,2.090,
64,24,0.573,0.736,
64,25,1.026,0.372,
64,26,1.283,2.156,
64,27,0.471,0.829,
64,28,0.417,1.202,
64,29,1.150,1.776,
64,30,1.161,1.569,
64,31,0.828,2.345,
64,32,1.396,2.287,
64,33,0.344,0.308,
64,34,0.744,1.889,
64,35,1.043,1.423,
64,36,0.283,-0.255,
64,37,0.558,0.555,
64,38,1.093,2.046,
64,39,1.191,2.246,
64,40,1.094,2.471,
64,41,0.909,0.930,
64,42,1.378,1.641,
64,43,1.102,2.042,
64,44,1.038,1.953,
64,45,1.147,2.671,
64,46,1.389,2.017,
64,47,0.791,2.641,
64,48,0.789,1.028,
64,49,0.996,1.517,
64,50,1.008,1.747,
65,1,0.818,0.428,
65,2,1.023,1.690,
65,3,1.171,1.646,
65,4,0.997,1.572,
65,5,0.841,0.589,
65,6,1.071,1.165,
65,7,1.278,1.685,
65,8,1.281,1.400,
65,9,0.706,2.119,
65,10,0.970,0.903,
65,11,0.959,0.964,
65,12,1.122,2.302,
65,13,1.575,2.233,
65,14,1.418,2.615,
65,15,0.902,0.894,
65,16,1.380,1.827,
65,17,1.325,1.718,
65,18,0.936,1.735,
65,19,0.799,1.130,
65,20,1.188,2.283,
65,21,0.737,1.204,
65,22,0.524,1.119,
65,23,0.113,0.588,
65,24,1.216,1.950,
65,25,1.047,1.095,
65,26,1.350,1.176,
65,27,0.441,0.555,
65,28,0.992,1.185,
65,29,0.400,0.230,
65,30,1.481,2.046,
65,31,1.066,1.542,
65,32,1.398,1.680,
65,33,0.750,1.810,
65,34,1.362,1.891,
65,35,0.829,2.215,
65,36,1.750,2.803,
65,37,1.357,1.851,
65,38,1.291,2.004,
65,39,1.355,1.962,
65,40,0.448,1.109,
65,41,0.682,0.456,
65,42,0.992,1.097,
65,43,0.398,0.217,
65,44,0.949,1.743,
65,45,1.691,1.815,
65,46,1.801,2.302,
65,47,0.939,1.009,
65,48,1.254,2.590,
65,49,0.187,-0.062,
65,50,1.199,1.645,
66,1,1.699,0.737,
66,2,0.617,0.924,
66,3,0.632,0.000,
66,4,0.611,-0.578,
66,5,0.738,-0.009,
66,6,0.301,1.059,
66,7,0.522,-0.142,
66,8,0.901,1.754,
66,9,0.579,0.689,
66,10,0.315,0.508,
66,11,1.554,1.098,
66,12,1.191,0.394,
66,13,1.007,0.052,
66,14,1.729,1.833,
66,15,1.290,1.071,
66,16,0.734,0.153,
66,17,0.770,0.355,
66,18,0.650,0.118,
66,19,1.659,1.839,
66,20,1.392,1.551,
66,21,0.830,0.836,
66,22,0.355,0.340,
66,23,0.814,-0.567,
66,24,1.323,1.096,
66,25,1.128,0.179,
66,26,1.054,0.198,
66,27,1.045,0.329,
66,28,1.581,1.206,
66,29,1.189,-0.135,
66,30,0.600,0.220,
66,31,1.073,0.511,
66,32,1.199,0.984,
66,33,1.206,0.066,
66,34,1.201,0.900,
66,35,0.865,0.714,
66,36,1.048,0.476,
66,37,0.482,0.441,
66,38,0.628,0.569,
66,39,0.886,0.018,
66,40,1.022,1.124,
66,41,1.249,0.685,
66,42,0.803,0.792,
66,43,0.431,0.546,
66,44,1.617,1.155,
66,45,1.317,0.797,
66,46,0.786,0.699,
66,47,0.945,0.861,
66,48,1.122,0.681,
66,49,0.720,0.244,
66,50,0.496,0.357,
67,1,0.819,1.456,
67,2,1.079,2.587,
67,3,1.063,1.895,
67,4,1.061,1.886,
67,5,1.454,2.080,
67,6,1.263,1.763,
67,7,1.015,1.182,
67,8,0.917,1.004,
67,9,1.146,2.089,
67,10,1.311,1.385,
67,11,1.279,1.758,
67,12,0.481,1.323,
67,13,0.532,-0.112,
67,14,1.226,1.709,
67,15,0.859,0.965,
67,16,0.626,1.080,
67,17,0.541,0.509,
67,18,1.322,2.021,
67,19,1.110,1.248,
67,20,0.947,2.333,
67,21,1.236,1.872,
67,22,1.539,1.424,
67,23,1.683,2.724,
67,24,0.477,-0.263,
67,25,1.480,2.025,
67,26,0.925,2.081,
67,27,0.138,0.144,
67,28,0.888,1.304,
67,29,1.959,2.501,
67,30,1.597,2.537,
67,31,0.872,1.027,
67,32,0.858,0.909,
67,33,0.990,0.883,
67,34,1.549,2.113,
67,35,0.550,1.154,
67,36,1.021,0.362,
67,37,1.545,2.047,
67,38,1.690,2.505,
67,39,0.956,1.101,
67,40,1.005,1.012,
67,41,1.386,1.323,
67,42,0.860,0.845,
67,43,0.638,0.790,
67,44,1.690,2.220,
67,45,1.116,1.010,
67,46,1.009,2.002,
67,47,0.988,0.986,
67,48,0.855,1.914,
67,49,0.509,0.653,
67,50,0.857,1.138,
68,1,0.579,0.600,
68,2,1.119,1.303,
68,3,0.871,1.303,
68,4,0.597,1.144,
68,5,1.111,1.582,
68,6,0.877,1.178,
68,7,0.582,0.459,
68,8,1.062,0.693,
68,9,1.281,1.186,
68,10,0.681,0.470,
68,11,1.662,2.223,
68,12,0.982,1.270,
68,13,0.486,0.171,
68,14,0.630,0.934,
68,15,0.757,1.389,
68,16,0.278,0.165,
68,17,1.118,1.945,
68,18,0.960,1.227,
68,19,1.314,1.701,
68,20,0.856,0.794,
68,21,0.803,1.708,
68,22,1.043,0.880,
68,23,0.747,1.424,
68,24,1.150,1.579,
68,25,1.250,0.872,
68,26,1.069,0.477,
68,27,1.121,1.210,
68,28,0.997,1.677,
68,29,1.777,1.810,
68,30,0.867,0.334,
68,31,1.178,1.150,
68,32,0.467,0.572,
68,33,1.410,1.139,
68,34,1.096,1.407,
68,35,0.694,0.544,
68,36,1.633,1.990,
68,37,1.168,1.500,
68,38,1.275,1.984,
68,39,1.730,1.468,
68,40,0.760,1.253,
68,41,1.306,2.497,
68,42,0.602,0.731,
68,43,0.649,0.693,
68,44,1.058,1.051,
68,45,0.461,-0.030,
68,46,1.366,1.502,
68,47,0.637,0.866,
68,48,0.519,0.121,
68,49,0.985,2.055,
68,50,1.065,1.158,
69,1,2.010,1.045,
69,2,0.773,0.632,
69,3,1.708,0.940,
69,4,0.860,0.413,
69,5,1.505,0.326,
69,6,0.675,0.420,
69,7,0.731,0.441,
69,8,0.664,0.164,
69,9,0.853,1.180,
69,10,0.870,0.973,
69,11,0.420,-0.902,
69,12,0.825,0.069,
69,13,0.441,-0.228,
69,14,0.507,0.701,
69,15,1.636,0.624,
69,16,1.378,0.966,
69,17,1.481,-0.021,
69,18,1.109,-0.316,
69,19,0.917,0.971,
69,20,1.126,0.348,
69,21,1.617,0.306,
69,22,1.186,-0.551,
69,23,1.157,0.555,
69,24,1.123,0.947,
69,25,1.730,0.925,
69,26,0.757,0.358,
69,27,0.642,-0.069,
69,28,2.081,0.885,
69,29,1.823,1.140,
69,30,1.785,0.819,
69,31,0.942,0.606,
69,32,0.205,0.135,
69,33,0.112,-0.215,
69,34,0.977,0.818,
69,35,0.933,1.477,
69,36,0.676,0.125,
69,37,0.952,0.778,
69,38,2.055,1.600,
69,39,0.989,1.483,
69,40,1.344,1.320,
69,41,0.575,0.284,
69,42,1.328,0.891,
69,43,1.030,0.191,
69,44,1.158,0.674,
69,45,1.402,0.686,
69,46,0.965,0.910,
69,47,0.352,0.349,
69,48,0.792,1.286,
69,49,0.865,-0.026,
69,50,1.878,0.640,
70,1,1.289,0.604,
70,2,1.041,0.351,
70,3,1.060,-0.510,
70,4,1.048,1.032,
70,5,1.193,-0.467,
70,6,1.356,0.554,
70,7,1.151,0.955,
70,8,1.232,0.438,
70,9,0.645,0.307,
70,10,1.054,-0.057,
70,11,0.740,0.358,
70,12,1.697,0.877,
70,13,0.742,-0.115,
70,14,1.183,1.540,
70,15,1.647,1.595,
70,16,0.681,0.457,
70,17,0.514,-0.665,
70,18,1.127,0.731,
70,19,0.666,0.809,
70,20,0.679,0.321,
70,21,1.032,0.376,
70,22,0.361,0.194,
70,23,1.113,0.355,
70,24,1.213,0.621,
70,25,0.974,0.555,
70,26,1.727,0.359,
70,27,0.550,0.479,
70,28,1.219,0.308,
70,29,1.072,0.432,
70,30,0.474,0.898,
70,31,0.601,0.720,
70,32,1.148,1.307,
70,33,0.942,0.378,
70,34,1.053,0.441,
70,35,0.574,0.133,
70,36,1.168,0.625,
70,37,1.002,1.477,
70,38,1.564,0.221,
70,39,0.429,0.349,
70,40,1.275,0.444,
70,41,1.238,0.043,
70,42,1.141,-0.030,
70,43,1.317,0.866,
70,44,0.866,0.270,
70,45,1.592,-0.243,
70,46,0.816,0.077,
70,47,1.074,0.327,
70,48,1.720,0.754,
70,49,0.460,0.509,
70,50,0.608,0.682,
71,1,1.275,0.750,
71,2,1.328,1.600,
71,3,0.924,0.693,
71,4,0.128,0.224,
71,5,1.124,0.680,
71,6,1.505,1.191,
71,7,1.451,1.197,
71,8,1.211,1.234,
71,9,0.844,1.017,
71,10,0.748,0.884,
71,11,1.177,1.143,
71,12,1.506,1.070,
71,13,1.572,2.215,
71,14,1.466,2.162,
71,15,0.517,0.479,
71,16,1.446,1.218,
71,17,1.116,0.158,
71,18,0.452,0.648,
71,19,1.397,1.063,
71,20,0.265,0.940,
71,21,1.549,1.568,
71,22,0.912,2.021,
71,23,0.558,0.600,
71,24,0.961,0.537,
71,25,0.248,0.598,
71,26,0.600,0.936,
71,27,0.569,1.268,
71,28,0.381,0.133,
71,29,1.005,0.925,
71,30,0.147,0.702,
71,31,0.753,0.376,
71,32,1.281,2.465,
71,33,0.096,0.363,
71,34,0.764,0.097,
71,35,0.639,0.412,
71,36,1.530,1.185,
71,37,1.010,1.989,
71,38,1.092,2.078,
71,39,0.228,0.155,
71,40,0.816,1.186,
71,41,1.378,0.990,
71,42,0.017,-0.336,
71,43,1.637,1.810,
71,44,1.754,1.784,
71,45,0.348,-0.598,
71,46,1.361,0.477,
71,47,0.582,0.379,
71,48,0.564,0.592,
71,49,0.832,0.929,
71,50,0.938,1.201,
72,1,0.697,0.068,
72,2,1.143,0.487,
72,3,1.530,1.225,
72,4,0.428,0.451,
72,5,1.113,1.035,
72,6,0.487,0.500,
72,7,1.011,0.898,
72,8,1.750,0.747,
72,9,0.488,0.976,
72,10,1.208,0.052,
72,11,0.568,-0.154,
72,12,0.968,0.268,
72,13,0.786,0.696,
72,14,0.923,1.109,
72,15,1.645,0.324,
72,16,0.776,0.805,
72,17,0.922,0.610,
72,18,1.128,0.080,
72,19,0.450,-0.027,
72,20,1.405,-0.343,
72,21,-0.024,0.038,
72,22,1.149,0.796,
72,23,0.629,0.085,
72,24,0.974,0.388,
72,25,0.250,0.383,
72,26,0.753,0.406,
72,27,1.038,-0.111,
72,28,0.842,0.240,
72,29,1.090,0.286,
72,30,0.549,-0.216,
72,31,1.126,-0.148,
72,32,0.809,0.239,
72,33,0.625,0.077,
72,34,0.977,0.701,
72,35,0.945,0.854,
72,36,1.141,0.235,
72,37,0.195,0.120,
72,38,0.627,0.549,
72,39,1.362,0.408,
72,40,0.765,0.304,
72,41,1.391,0.216,
72,42,0.920,0.051,
72,43,1.379,1.350,
72,44,1.079,0.834,
72,45,1.055,-0.247,
72,46,1.109,0.601,
72,47,0.600,0.597,
72,48,0.725,0.453,
72,49,1.292,0.139,
72,50,1.306,0.855,
73,1,1.166,0.865,
73,2,1.449,1.964,
73,3,0.855,0.989,
73,4,1.216,0.948,
73,5,1.562,2.061,
73,6,1.163,1.268,
73,7,1.556,1.202,
73,8,1.035,1.289,
73,9,1.345,0.463,
73,10,0.275,1.242,
73,11,1.592,1.885,
73,12,1.198,1.121,
73,13,0.730,1.518,
73,14,0.593,0.312,
73,15,1.578,1.336,
73,16,0.944,0.813,
73,17,1.315,1.891,
73,18,0.468,1.226,
73,19,0.744,0.120,
73,20,1.345,0.320,
73,21,1.035,0.126,
73,22,0.737,0.297,
73,23,1.073,1.150,
73,24,0.450,0.694,
73,25,1.073,0.396,
73,26,0.601,0.510,
73,27,1.018,1.304,
73,28,0.259,-0.522,
73,29,0.120,-0.020,
73,30,1.277,1.125,
73,31,0.928,0.983,
73,32,0.661,0.403,
73,33,0.844,1.179,
73,34,0.676,1.003,
73,35,0.744,1.028,
73,36,0.726,-0.310,
73,37,1.198,0.259,
73,38,0.493,1.052,
73,39,0.798,0.242,
73,40,1.100,1.808,
73,41,0.670,-0.038,
73,42,1.505,1.294,
73,43,0.822,0.956,
73,44,0.922,1.063,
73,45,1.182,0.591,
73,46,1.187,1.555,
73,47,-0.290,-0.502,
73,48,1.149,0.997,
73,49,1.223,1.270,
73,50,1.033,0.944,
74,1,0.861,2.041,
74,2,0.479,1.599,
74,3,0.662,0.288,
74,4,0.841,0.104,
74,5,0.861,1.901,
74,6,1.154,1.608,
74,7,1.270,0.451,
74,8,1.604,1.342,
74,9,1.417,1.495,
74,10,1.037,1.851,
74,11,1.576,2.933,
74,12,1.075,1.813,
74,13,0.276,0.818,
74,14,0.621,-0.050,
74,15,-0.265,-0.040,
74,16,1.412,1.913,
74,17,1.309,1.609,
74,18,1.373,1.907,
74,19,1.386,2.401,
74,20,1.623,2.382,
74,21,1.224,0.921,
74,22,1.798,3.152,
74,23,1.358,1.706,
74,24,1.162,1.196,
74,25,0.935,0.816,
74,26,0.782,1.528,
74,27,0.873,0.943,
74,28,1.241,1.052,
74,29,0.791,1.555,
74,30,1.269,2.042,
74,31,1.560,0.812,
74,32,1.038,1.173,
74,33,1.382,1.434,
74,34,1.608,2.557,
74,35,0.674,0.351,
74,36,0.532,0.164,
74,37,0.634,0.212,
74,38,0.338,-0.026,
74,39,1.910,2.217,
74,40,1.010,1.053,
74,41,0.820,1.291,
74,42,0.888,1.703,
74,43,1.430,1.822,
74,44,1.965,2.790,
74,45,0.706,1.251,
74,46,1.073,1.631,
74,47,1.536,2.653,
74,48,0.526,0.664,
74,49,1.147,2.061,
74,50,0.389,-0.186,
75,1,1.014,1.181,
75,2,0.729,0.473,
75,3,0.856,0.258,
75,4,1.060,0.825,
75,5,1.065,0.273,
75,6,1.125,0.974,
75,7,0.676,0.671,
75,8,0.551,0.074,
75,9,0.512,0.083,
75,10,1.072,1.724,
75,11,1.000,0.824,
75,12,1.067,0.775,
75,13,1.889,0.974,
75,14,1.320,1.375,
75,15,0.903,0.312,
75,16,1.270,0.656,
75,17,0.759,0.834,
75,18,1.215,0.579,
75,19,1.558,1.890,
75,20,1.127,0.763,
75,21,1.329,0.861,
75,22,1.659,2.064,
75,23,1.060,0.557,
75,24,1.222,1.264,
75,25,0.210,0.521,
75,26,1.039,0.669,
75,27,0.349,0.066,
75,28,0.691,0.267,
75,29,0.855,0.076,
75,30,0.515,0.314,
75,31,0.960,0.660,
75,32,1.074,0.892,
75,33,1.020,0.924,
75,34,1.479,0.485,
75,35,0.667,0.008,
75,36,0.500,0.768,
75,37,1.247,0.070,
75,38,0.928,-0.461,
75,39,0.932,0.766,
75,40,1.383,1.746,
75,41,1.003,0.353,
75,42,0.770,0.018,
75,43,0.896,0.521,
75,44,0.930,0.621,
75,45,0.926,1.113,
75,46,1.358,1.496,
75,47,0.401,-0.353,
75,48,1.370,0.319,
75,49,0.544,-0.493,
75,50,0.935,0.718,
76,1,0.174,1.460,
76,2,1.048,0.557,
76,3,0.717,0.567,
76,4,1.333,1.561,
76,5,1.270,1.373,
76,6,0.736,1.819,
76,7,1.213,0.597,
76,8,1.736,0.943,
76,9,1.109,0.919,
76,10,1.656,1.696,
76,11,0.829,0.083,
76,12,1.501,1.642,
76,13,1.549,1.607,
76,14,1.266,1.489,
76,15,0.631,0.796,
76,16,0.786,0.504,
76,17,1.247,0.399,
76,18,0.864,0.443,
76,19,0.706,0.215,
76,20,0.993,1.408,
76,21,0.885,0.857,
76,22,0.501,0.190,
76,23,0.934,0.913,
76,24,0.257,-0.572,
76,25,0.947,0.683,
76,26,1.965,1.461,
76,27,1.022,0.084,
76,28,1.547,1.303,
76,29,0.861,1.448,
76,30,1.084,0.602,
76,31,1.065,1.053,
76,32,1.013,0.488,
76,33,0.713,1.481,
76,34,0.830,1.424,
76,35,0.916,0.535,
76,36,1.223,1.244,
76,37,0.841,0.822,
76,38,0.468,-0.319,
76,39,0.839,0.708,
76,40,1.087,1.054,
76,41,1.140,1.316,
76,42,0.949,1.051,
76,43,1.476,1.500,
76,44,0.942,0.218,
76,45,0.980,1.659,
76,46,2.069,1.847,
76,47,0.506,1.185,
76,48,0.600,1.130,
76,49,1.084,1.329,
76,50,0.300,0.119,
77,1,0.465,0.535,
77,2,0.475,0.827,
77,3,1.227,1.789,
77,4,0.856,0.540,
77,5,1.454,2.162,
77,6,1.616,1.501,
77,7,1.797,1.664,
77,8,1.573,0.948,
77,9,0.895,1.845,
77,10,1.462,1.603,
77,11,1.007,0.249,
77,12,1.184,0.904,
77,13,1.402,0.782,
77,14,0.714,0.197,
77,15,1.419,1.097,
77,16,0.408,0.192,
77,17,0.830,0.416,
77,18,0.256,0.060,
77,19,0.566,0.579,
77,20,1.441,1.310,
77,21,1.332,1.844,
77,22,1.660,1.328,
77,23,1.017,1.666,
77,24,1.284,1.536,
77,25,1.093,1.155,
77,26,1.274,1.272,
77,27,0.561,0.495,
77,28,1.742,2.152,
77,29,0.934,0.264,
77,30,1.380,0.744,
77,31,1.430,0.049,
77,32,1.193,0.902,
77,33,1.039,1.967,
77,34,0.303,0.687,
77,35,0.623,0.705,
77,36,0.513,0.443,
77,37,0.632,0.859,
77,38,0.950,0.902,
77,39,1.087,1.910,
77,40,1.432,1.376,
77,41,1.290,1.799,
77,42,0.764,0.319,
77,43,1.113,1.304,
77,44,1.208,1.071,
77,45,1.072,1.503,
77,46,1.187,0.932,
77,47,1.100,1.398,
77,48,1.548,0.909,
77,49,0.561,0.771,
77,50,1.573,1.345,
78,1,1.024,1.611,
78,2,1.424,1.011,
78,3,1.212,1.901,
78,4,1.345,1.082,
78,5,1.524,2.059,
78,6,0.565,0.817,
78,7,1.063,1.515,
78,8,0.468,1.283,
78,9,1.481,0.930,
78,10,0.849,1.361,
78,11,1.897,2.030,
78,12,0.343,0.485,
78,13,0.537,0.158,
78,14,0.604,-0.232,
78,15,1.066,1.486,
78,16,1.271,2.086,
78,17,0.904,0.665,
78,18,1.337,2.206,
78,19,1.055,1.517,
78,20,1.337,2.551,
78,21,1.572,2.183,
78,22,1.063,1.592,
78,23,1.093,1.395,
78,24,1.073,0.608,
78,25,1.219,1.634,
78,26,0.634,0.686,
78,27,1.029,1.140,
78,28,1.303,0.494,
78,29,-0.331,-1.289,
78,30,0.821,1.297,
78,31,0.920,1.520,
78,32,1.114,0.194,
78,33,0.287,0.156,
78,34,1.261,1.648,
78,35,0.865,0.367,
78,36,1.321,0.815,
78,37,0.568,0.910,
78,38,1.084,2.239,
78,39,0.697,1.045,
78,40,0.804,1.508,
78,41,1.126,2.127,
78,42,0.799,1.255,
78,43,0.530,0.143,
78,44,1.413,1.248,
78,45,0.805,2.081,
78,46,0.862,1.267,
78,47,1.328,1.700,
78,48,0.897,0.791,
78,49,1.405,1.814,
78,50,1.417,1.359,
79,1,0.870,1.463,
79,2,0.743,1.106,
79,3,1.127,2.136,
79,4,1.540,2.800,
79,5,0.445,0.386,
79,6,1.558,2.202,
79,7,1.321,2.801,
79,8,1.273,1.375,
79,9,1.643,1.951,
79,10,1.061,2.650,
79,11,1.922,2.512,
79,12,0.436,1.340,
79,13,0.980,1.995,
79,14,0.740,0.976,
79,15,1.142,2.285,
79,16,0.707,1.252,
79,17,0.524,1.081,
79,18,1.092,1.714,
79,19,1.212,1.477,
79,20,1.499,2.823,
79,21,0.408,0.476,
79,22,0.788,0.747,
79,23,1.045,2.041,
79,24,1.557,3.132,
79,25,1.134,1.101,
79,26,0.723,0.789,
79,27,0.817,0.952,
79,28,0.309,1.207,
79,29,1.292,1.635,
79,30,0.818,1.584,
79,31,0.579,1.413,
79,32,0.452,0.837,
79,33,1.414,1.937,
79,34,1.073,1.427,
79,35,1.019,2.220,
79,36,0.970,2.208,
79,37,1.193,1.903,
79,38,1.720,2.476,
79,39,0.246,0.858,
79,40,0.937,1.531,
79,41,1.321,2.936,
79,42,1.269,2.334,
79,43,0.896,2.236,
79,44,1.103,1.778,
79,45,0.792,1.621,
79,46,0.849,0.955,
79,47,0.663,1.011,
79,48,0.710,1.120,
79,49,1.503,2.555,
79,50,1.035,2.318,
80,1,0.862,0.641,
80,2,0.631,0.645,
80,3,1.403,1.048,
80,4,1.133,0.973,
80,5,0.623,0.346,
80,6,0.816,-0.193,
80,7,0.524,0.789,
80,8,-0.212,0.726,
80,9,0.765,0.898,
80,10,1.094,1.656,
80,11,0.438,0.740,
80,12,0.762,1.648,
80,13,1.498,0.874,
80,14,1.253,1.135,
80,15,1.564,0.641,
80,16,0.735,0.799,
80,17,1.238,1.604,
80,18,1.048,0.788,
80,19,1.156,0.784,
80,20,0.830,0.368,
80,21,1.279,0.749,
80,22,0.690,1.357,
80,23,1.397,1.015,
80,24,1.783,1.735,
80,25,0.610,0.153,
80,26,1.176,1.208,
80,27,0.039,0.087,
80,28,0.881,0.161,
80,29,0.931,1.301,
80,30,0.341,0.180,
80,31,0.544,0.725,
80,32,1.309,0.570,
80,33,1.264,0.733,
80,34,0.403,0.650,
80,35,1.129,1.383,
80,36,1.370,1.494,
80,37,1.020,0.297,
80,38,1.066,0.414,
80,39,1.298,0.801,
80,40,0.779,0.331,
80,41,1.074,1.873,
80,42,1.207,1.199,
80,43,0.920,0.663,
80,44,1.336,1.894,
80,45,0.626,1.295,
80,46,1.234,1.671,
80,47,1.086,0.124,
80,48,0.796,0.955,
80,49,0.678,0.401,
80,50,1.008,0.767,
81,1,0.478,0.525,
81,2,1.489,2.380,
81,3,0.290,1.091,
81,4,0.994,2.010,
81,5,1.671,2.338,
81,6,1.524,2.412,
81,7,0.351,0.465,
81,8,1.336,0.919,
81,9,1.059,1.799,
81,10,0.935,1.440,
81,11,0.399,0.736,
81,12,0.617,1.837,
81,13,1.770,2.660,
81,14,1.563,1.869,
81,15,1.694,2.531,
81,16,1.259,2.041,
81,17,1.089,1.617,
81,18,1.280,2.951,
81,19,0.320,0.094,
81,20,0.821,1.569,
81,21,1.169,1.894,
81,22,1.292,2.073,
81,23,1.557,2.308,
81,24,0.515,-0.002,
81,25,0.825,1.996,
81,26,1.072,1.953,
81,27,1.031,0.807,
81,28,0.900,1.258,
81,29,1.292,2.810,
81,30,1.132,1.525,
81,31,0.863,0.666,
81,32,1.327,2.800,
81,33,1.588,2.907,
81,34,0.776,0.494,
81,35,1.153,2.288,
81,36,1.039,1.950,
81,37,0.338,0.298,
81,38,1.605,2.599,
81,39,1.434,1.748,
81,40,1.227,1.805,
81,41,0.125,-0.357,
81,42,1.052,0.793,
81,43,0.746,1.670,
81,44,1.260,2.460,
81,45,1.179,1.562,
81,46,1.541,3.227,
81,47,1.317,1.751,
81,48,0.886,2.108,
81,49,0.778,1.052,
81,50,0.284,0.652,
82,1,1.286,1.503,
82,2,0.549,0.911,
82,3,0.818,1.280,
82,4,0.516,1.256,
82,5,1.220,1.539,
82,6,0.791,0.739,
82,7,1.294,0.512,
82,8,0.389,0.867,
82,9,0.822,1.485,
82,10,1.636,2.083,
82,11,1.567,1.283,
82,12,0.842,0.805,
82,13,1.033,0.811,
82,14,1.321,0.968,
82,15,2.052,2.198,
82,16,1.562,2.792,
82,17,0.859,0.315,
82,18,1.084,1.056,
82,19,1.024,0.991,
82,20,1.058,1.013,
82,21,0.364,1.110,
82,22,1.343,2.230,
82,23,1.463,1.277,
82,24,1.001,0.463,
82,25,1.112,1.045,
82,26,0.405,0.256,
82,27,1.722,0.952,
82,28,1.031,0.574,
82,29,0.535,0.217,
82,30,1.175,0.812,
82,31,1.583,1.478,
82,32,1.191,1.260,
82,33,1.303,1.536,
82,34,1.691,2.152,
82,35,0.628,1.294,
82,36,0.815,0.701,
82,37,1.068,1.846,
82,38,0.911,0.903,
82,39,1.445,1.418,
82,40,0.596,0.040,
82,41,1.447,-0.700,
82,42,0.471,-0.008,
82,43,1.302,1.561,
82,44,1.950,2.054,
82,45,1.430,1.144,
82,46,0.311,-0.767,
82,47,0.696,1.122,
82,48,0.891,0.938,
82,49,0.247,0.459,
82,50,0.880,1.482,
83,1,0.879,0.062,
83,2,1.339,0.272,
83,3,0.313,0.396,
83,4,0.990,1.475,
83,5,1.153,1.731,
83,6,1.425,1.527,
83,7,0.859,0.571,
83,8,0.223,0.516,
83,9,1.560,1.716,
83,10,0.414,0.604,
83,11,1.507,1.942,
83,12,1.530,1.886,
83,13,1.314,1.000,
83,14,0.694,0.850,
83,15,0.721,0.480,
83,16,0.562,0.179,
83,17,0.524,0.067,
83,18,0.448,0.937,
83,19,1.610,2.054,
83,20,1.863,2.926,
83,21,1.241,1.141,
83,22,1.332,1.166,
83,23,0.383,0.765,
83,24,0.916,1.041,
83,25,1.063,0.407,
83,26,1.388,1.769,
83,27,1.285,1.194,
83,28,0.908,0.527,
83,29,1.220,1.094,
83,30,0.613,0.716,
83,31,1.063,0.570,
83,32,0.461,0.483,
83,33,1.169,1.270,
83,34,0.337,-0.354,
83,35,1.093,0.902,
83,36,1.288,0.965,
83,37,0.354,0.108,
83,38,0.804,0.843,
83,39,1.027,1.670,
83,40,1.353,1.585,
83,41,0.909,1.396,
83,42,1.349,0.396,
83,43,0.992,1.189,
83,44,0.913,0.042,
83,45,0.947,-0.049,
83,46,1.672,1.910,
83,47,1.599,2.284,
83,48,0.754,1.108,
83,49,1.179,1.086,
83,50,0.744,1.661,
84,1,0.572,1.477,
84,2,0.801,1.918,
84,3,1.360,1.635,
84,4,1.112,2.223,
84,5,1.718,2.323,
84,6,1.526,2.322,
84,7,0.698,2.050,
84,8,1.289,1.879,
84,9,0.335,0.825,
84,10,1.946,2.335,
84,11,0.316,0.746,
84,12,0.223,0.617,
84,13,1.510,1.987,
84,14,0.986,1.101,
84,15,0.820,1.644,
84,16,1.020,1.661,
84,17,1.158,1.214,
84,18,0.667,1.064,
84,19,0.817,0.960,
84,20,0.486,0.718,
84,21,0.811,0.659,
84,22,1.494,1.762,
84,23,1.474,1.454,
84,24,1.339,2.470,
84,25,1.142,1.787,
84,26,0.937,1.508,
84,27,1.291,1.577,
84,28,0.789,1.209,
84,29,0.895,1.419,
84,30,1.230,1.652,
84,31,1.145,1.497,
84,32,1.175,2.025,
84,33,1.059,2.015,
84,34,1.659,2.384,
84,35,1.588,2.563,
84,36,0.654,1.001,
84,37,0.491,0.850,
84,38,0.647,0.376,
84,39,1.546,2.813,
84,40,0.350,0.518,
84,41,0.893,1.019,
84,42,0.507,1.551,
84,43,1.167,2.315,
84,44,0.580,1.400,
84,45,0.571,0.404,
84,46,0.320,1.110,
84,47,1.197,2.092,
84,48,0.707,1.521,
84,49,1.424,1.852,
84,50,1.743,2.975,
85,1,1.314,1.074,
85,2,1.427,2.197,
85,3,0.894,0.840,
85,4,0.100,0.330,
85,5,1.756,1.134,
85,6,1.782,1.575,
85,7,0.670,0.439,
85,8,1.717,1.978,
85,9,1.492,1.893,
85,10,0.739,0.952,
85,11,1.306,0.908,
85,12,0.932,0.805,
85,13,0.794,0.574,
85,14,1.014,1.011,
85,15,1.016,0.843,
85,16,0.538,0.818,
85,17,1.438,1.588,
85,18,0.702,1.620,
85,19,0.674,0.762,
85,20,0.899,1.238,
85,21,1.426,1.402,
85,22,0.898,0.575,
85,23,1.633,2.119,
85,24,1.344,1.978,
85,25,0.947,0.560,
85,26,1.244,1.032,
85,27,0.709,0.646,
85,28,2.007,1.832,
85,29,0.482,0.402,
85,30,1.219,0.898,
85,31,0.615,1.122,
85,32,0.956,1.748,
85,33,1.454,1.455,
85,34,1.275,-0.644,
85,35,0.546,-0.715,
85,36,1.218,0.937,
85,37,0.734,0.019,
85,38,0.997,-0.214,
85,39,0.339,-0.561,
85,40,1.227,1.699,
85,41,0.630,0.757,
85,42,1.370,1.398,
85,43,1.679,1.196,
85,44,0.248,0.209,
85,45,1.049,0.877,
85,46,0.122,-0.167,
85,47,1.039,1.303,
85,48,0.438,0.352,
85,49,0.889,0.754,
85,50,1.200,1.812,
86,1,1.318,1.389,
86,2,1.313,0.592,
86,3,0.654,0.485,
86,4,0.408,0.255,
86,5,1.304,0.551,
86,6,0.629,0.325,
86,7,0.987,0.987,
86,8,1.267,0.631,
86,9,1.471,0.846,
86,10,0.405,0.221,
86,11,0.869,0.434,
86,12,0.041,0.589,
86,13,1.189,1.371,
86,14,1.333,1.377,
86,15,0.549,0.617,
86,16,0.636,0.876,
86,17,0.403,0.511,
86,18,1.412,1.095,
86,19,0.561,0.316,
86,20,0.471,1.381,
86,21,1.079,0.605,
86,22,0.486,0.014,
86,23,0.873,0.582,
86,24,0.725,1.130,
86,25,0.771,0.670,
86,26,1.143,1.145,
86,27,1.632,2.045,
86,28,0.314,0.393,
86,29,1.774,1.379,
86,30,0.842,0.363,
86,31,1.791,1.904,
86,32,0.265,-0.140,
86,33,1.832,1.999,
86,34,0.776,0.359,
86,35,0.539,0.720,
86,36,0.844,0.631,
86,37,0.482,0.575,
86,38,0.538,0.303,
86,39,0.308,0.502,
86,40,0.582,0.993,
86,41,0.661,-0.284,
86,42,0.459,0.602,
86,43,1.401,0.987,
86,44,0.567,0.946,
86,45,1.281,0.973,
86,46,1.407,1.358,
86,47,0.913,0.634,
86,48,1.130,0.875,
86,49,0.852,1.338,
86,50,1.699,1.506,
87,1,0.700,0.316,
87,2,0.812,-0.938,
87,3,1.181,0.976,
87,4,0.169,0.206,
87,5,1.222,0.422,
87,6,0.622,0.456,
87,7,1.059,0.704,
87,8,1.431,0.186,
87,9,1.126,0.813,
87,10,1.236,0.012,
87,11,1.024,0.506,
87,12,0.630,0.132,
87,13,0.667,-0.677,
87,14,0.980,1.059,
87,15,1.241,1.225,
87,16,0.411,-0.551,
87,17,0.756,0.820,
87,18,1.519,2.022,
87,19,0.969,0.661,
87,20,0.744,-0.233,
87,21,0.980,0.723,
87,22,0.582,1.099,
87,23,0.663,-0.245,
87,24,0.997,0.747,
87,25,0.566,0.109,
87,26,0.717,0.601,
87,27,1.134,0.355,
87,28,0.647,0.522,
87,29,1.603,0.926,
87,30,0.193,0.073,
87,31,1.096,0.290,
87,32,1.079,0.935,
87,33,1.327,0.772,
87,34,1.022,0.465,
87,35,0.523,-0.388,
87,36,1.616,0.824,
87,37,0.664,0.481,
87,38,1.151,0.924,
87,39,1.212,1.609,
87,40,0.716,0.143,
87,41,0.760,1.314,
87,42,0.647,0.638,
87,43,0.101,-0.533,
87,44,1.652,1.106,
87,45,0.660,1.500,
87,46,1.328,1.602,
87,47,1.308,0.477,
87,48,1.347,0.793,
87,49,1.443,0.767,
87,50,1.318,1.028,
88,1,1.296,0.886,
88,2,1.168,1.308,
88,3,1.431,-0.283,
88,4,0.208,0.024,
88,5,0.896,-0.093,
88,6,0.997,0.987,
88,7,1.026,0.495,
88,8,0.135,-0.659,
88,9,0.868,1.540,
88,10,0.615,0.080,
88,11,1.231,0.769,
88,12,1.476,0.206,
88,13,1.080,0.019,
88,14,0.732,0.816,
88,15,0.825,0.444,
88,16,1.551,0.843,
88,17,1.363,0.074,
88,18,0.920,0.347,
88,19,1.896,1.077,
88,20,1.888,1.017,
88,21,0.687,0.765,
88,22,0.582,0.744,
88,23,0.885,1.096,
88,24,1.367,0.547,
88,25,1.621,2.054,
88,26,1.004,0.578,
88,27,1.567,0.655,
88,28,0.470,0.763,
88,29,0.299,0.292,
88,30,1.323,1.223,
88,31,0.911,0.685,
88,32,0.752,0.196,
88,33,0.932,1.143,
88,34,1.105,0.870,
88,35,0.227,0.692,
88,36,0.484,0.341,
88,37,1.470,1.373,
88,38,1.277,1.089,
88,39,1.266,0.605,
88,40,1.935,1.343,
88,41,0.873,0.381,
88,42,0.718,0.055,
88,43,0.583,0.606,
88,44,1.819,1.561,
88,45,0.832,1.103,
88,46,0.495,0.514,
88,47,1.814,1.852,
88,48,1.206,1.149,
88,49,0.909,0.394,
88,50,1.151,0.699,
89,1,1.588,1.841,
89,2,1.144,1.599,
89,3,1.124,1.612,
89,4,1.924,2.814,
89,5,0.831,1.329,
89,6,1.187,2.291,
89,7,2.022,3.061,
89,8,0.989,1.632,
89,9,1.436,1.939,
89,10,0.517,1.418,
89,11,1.051,1.628,
89,12,0.731,1.312,
89,13,0.522,0.432,
89,14,0.694,0.023,
89,15,1.087,1.157,
89,16,1.058,1.747,
89,17,1.050,2.251,
89,18,0.551,0.731,
89,19,1.496,2.780,
89,20,0.264,0.135,
89,21,1.396,0.808,
89,22,0.941,1.597,
89,23,0.679,0.928,
89,24,1.789,2.705,
89,25,1.745,2.143,
89,26,0.887,1.456,
89,27,1.530,2.053,
89,28,0.353,-0.303,
89,29,0.729,0.785,
89,30,0.960,0.868,
89,31,0.802,0.369,
89,32,0.513,-0.424,
89,33,1.349,1.618,
89,34,1.276,2.388,
89,35,0.351,-0.214,
89,36,0.492,0.692,
89,37,0.442,1.234,
89,38,1.404,1.783,
89,39,1.252,1.740,
89,40,0.461,0.013,
89,41,1.038,2.092,
89,42,1.163,2.610,
89,43,1.266,2.437,
89,44,-0.082,-1.271,
89,45,0.459,0.337,
89,46,1.291,1.828,
89,47,1.455,1.935,
89,48,0.849,1.124,
89,49,1.404,1.874,
89,50,1.419,2.012,
90,1,0.423,0.644,
90,2,0.795,0.581,
90,3,0.633,-0.282,
90,4,0.468,0.660,
90,5,0.837,0.673,
90,6,0.479,0.829,
90,7,1.040,1.383,
90,8,1.261,1.083,
90,9,1.417,1.144,
90,10,2.097,1.312,
90,11,0.680,1.727,
90,12,0.666,0.908,
90,13,0.840,1.536,
90,14,1.044,1.811,
90,15,0.037,0.506,
90,16,1.570,1.385,
90,17,0.897,1.385,
90,18,1.134,1.204,
90,19,1.010,1.065,
90,20,0.488,0.140,
90,21,1.742,1.746,
90,22,1.084,-0.275,
90,23,1.065,0.700,
90,24,1.663,1.924,
90,25,1.327,1.848,
90,26,0.571,0.315,
90,27,0.421,-0.695,
90,28,0.441,0.691,
90,29,0.844,1.011,
90,30,1.572,1.896,
90,31,0.621,1.444,
90,32,1.585,1.487,
90,33,1.187,1.769,
90,34,1.160,1.063,
90,35,1.827,1.549,
90,36,0.980,0.376,
90,37,0.747,0.533,
90,38,0.897,0.799,
90,39,0.731,1.539,
90,40,0.936,1.121,
90,41,0.409,0.601,
90,42,0.259,0.424,
90,43,0.836,0.982,
90,44,1.477,1.640,
90,45,1.523,2.035,
90,46,0.685,1.683,
90,47,0.492,0.185,
90,48,1.051,1.012,
90,49,1.749,1.546,
90,50,1.134,1.251,
91,1,1.050,1.346,
91,2,1.618,1.984,
91,3,0.793,1.272,
91,4,1.400,1.006,
91,5,0.811,0.634,
91,6,0.652,1.432,
91,7,1.591,1.368,
91,8,0.346,1.366,
91,9,0.345,0.508,
91,10,0.905,0.981,
91,11,1.121,1.362,
91,12,1.681,1.934,
91,13,0.745,1.080,
91,14,0.504,1.043,
91,15,0.929,0.997,
91,16,1.893,1.758,
91,17,1.624,2.206,
91,18,1.210,1.267,
91,19,0.489,0.793,
91,20,0.670,1.315,
91,21,0.910,0.854,
91,22,1.098,1.635,
91,23,0.758,1.307,
91,24,1.126,0.762,
91,25,0.164,0.243,
91,26,1.429,1.488,
91,27,1.321,0.755,
91,28,1.661,1.686,
91,29,0.769,1.701,
91,30,1.010,0.789,
91,31,0.466,0.279,
91,32,1.389,1.324,
91,33,1.181,1.334,
91,34,0.484,0.279,
91,35,1.108,1.267,
91,36,1.852,1.478,
91,37,0.550,0.379,
91,38,1.292,0.763,
91,39,0.669,0.023,
91,40,0.987,0.641,
91,41,0.995,1.852,
91,42,1.564,0.847,
91,43,0.538,0.786,
91,44,1.462,1.765,
91,45,0.815,0.684,
91,46,1.136,0.999,
91,47,1.285,1.846,
91,48,0.930,0.912,
91,49,0.868,1.491,
91,50,1.170,2.210,
92,1,1.886,2.808,
92,2,1.446,1.930,
92,3,0.851,1.273,
92,4,1.396,2.312,
92,5,1.712,3.149,
92,6,0.903,2.172,
92,7,0.920,1.596,
92,8,0.391,0.465,
92,9,1.345,2.210,
92,10,0.066,0.606,
92,11,1.387,2.381,
92,12,0.706,0.523,
92,13,0.333,-0.442,
92,14,1.173,1.983,
92,15,1.065,2.163,
92,16,1.045,2.350,
92,17,0.896,0.918,
92,18,0.522,0.042,
92,19,0.884,1.583,
92,20,1.926,2.779,
92,21,1.060,1.839,
92,22,1.046,1.445,
92,23,1.828,2.753,
92,24,0.793,1.171,
92,25,1.045,1.707,
92,26,0.888,1.723,
92,27,1.134,2.157,
92,28,0.847,1.024,
92,29,0.729,1.655,
92,30,1.080,1.462,
92,31,1.207,2.032,
92,32,1.336,1.694,
92,33,0.565,1.390,
92,34,0.685,1.695,
92,35,1.833,2.253,
92,36,0.800,0.249,
92,37,1.243,2.582,
92,38,0.700,1.116,
92,39,0.604,0.934,
92,40,0.676,1.232,
92,41,1.192,2.781,
92,42,1.137,2.662,
92,43,0.921,1.831,
92,44,0.406,1.337,
92,45,1.131,1.596,
92,46,0.873,1.083,
92,47,0.862,1.362,
92,48,1.678,2.953,
92,49,1.425,2.200,
92,50,0.918,1.441,
93,1,0.862,0.949,
93,2,1.283,1.446,
93,3,1.246,0.117,
93,4,0.989,0.818,
93,5,0.492,1.049,
93,6,0.567,0.066,
93,7,0.218,-0.988,
93,8,0.469,-0.311,
93,9,1.239,0.898,
93,10,1.615,0.201,
93,11,1.268,0.793,
93,12,1.105,0.364,
93,13,1.030,0.416,
93,14,0.889,0.937,
93,15,1.525,1.486,
93,16,0.764,1.100,
93,17,0.526,0.008,
93,18,1.423,0.284,
93,19,0.958,0.913,
93,20,0.622,-0.243,
93,21,0.836,-0.091,
93,22,0.611,-0.859,
93,23,1.052,0.043,
93,24,1.242,0.619,
93,25,0.434,-0.293,
93,26,1.372,0.175,
93,27,1.357,-0.014,
93,28,1.401,0.320,
93,29,0.815,0.587,
93,30,0.893,1.021,
93,31,1.291,1.835,
93,32,1.062,-0.483,
93,33,1.591,1.291,
93,34,0.796,1.358,
93,35,1.371,0.343,
93,36,0.484,-0.238,
93,37,1.334,1.429,
93,38,0.872,1.761,
93,39,1.780,0.562,
93,40,0.767,0.815,
93,41,0.604,0.153,
93,42,0.516,-0.010,
93,43,0.971,0.166,
93,44,1.294,0.288,
93,45,1.306,0.806,
93,46,0.900,-0.368,
93,47,0.674,0.202,
93,48,1.735,0.194,
93,49,0.819,0.073,
93,50,0.734,0.614,
94,1,1.062,1.383,
94,2,1.369,0.998,
94,3,1.107,1.627,
94,4,1.025,0.911,
94,5,0.973,1.147,
94,6,1.046,1.317,
94,7,1.384,1.239,
94,8,1.034,1.083,
94,9,0.833,1.259,
94,10,0.861,0.450,
94,11,0.904,1.031,
94,12,1.431,2.309,
94,13,1.094,1.148,
94,14,1.287,3.120,
94,15,0.850,1.282,
94,16,1.818,2.014,
94,17,1.601,1.618,
94,18,1.243,2.037,
94,19,0.768,1.477,
94,20,1.502,1.421,
94,21,0.740,0.200,
94,22,1.130,1.762,
94,23,0.782,0.635,
94,24,1.417,1.421,
94,25,0.812,0.559,
94,26,1.615,2.351,
94,27,1.636,2.077,
94,28,0.917,1.528,
94,29,1.005,0.921,
94,30,1.107,1.758,
94,31,1.133,2.107,
94,32,1.448,1.719,
94,33,1.106,1.449,
94,34,0.855,2.014,
94,35,0.419,-0.138,
94,36,1.378,1.917,
94,37,1.003,1.722,
94,38,0.367,-0.531,
94,39,0.445,0.327,
94,40,0.880,0.707,
94,41,1.278,2.064,
94,42,0.428,0.719,
94,43,1.275,1.647,
94,44,0.809,0.467,
94,45,1.219,1.022,
94,46,1.368,1.825,
94,47,1.052,1.832,
94,48,0.533,0.770,
94,49,0.944,1.061,
94,50,0.277,0.245,
95,1,1.738,2.139,
95,2,1.034,0.560,
95,3,1.142,0.840,
95,4,0.365,1.422,
95,5,0.924,1.077,
95,6,0.884,0.426,
95,7,1.049,1.284,
95,8,1.210,1.899,
95,9,0.345,-0.087,
95,10,1.430,1.476,
95,11,1.215,1.339,
95,12,0.862,1.069,
95,13,1.144,1.217,
95,14,0.938,0.505,
95,15,1.240,1.483,
95,16,0.920,0.888,
95,17,0.752,0.574,
95,18,0.706,0.885,
95,19,1.048,1.855,
95,20,0.274,1.361,
95,21,1.601,2.374,
95,22,0.939,0.344,
95,23,1.442,1.225,
95,24,0.904,0.689,
95,25,0.715,0.566,
95,26,1.438,1.425,
95,27,0.676,0.265,
95,28,0.654,0.302,
95,29,0.981,0.805,
95,30,1.223,0.742,
95,31,1.093,1.022,
95,32,1.152,1.154,
95,33,0.693,0.793,
95,34,0.967,2.023,
95,35,1.497,1.500,
95,36,-0.019,0.757,
95,37,1.391,1.433,
95,38,0.555,1.683,
95,39,0.819,1.023,
95,40,1.676,1.364,
95,41,0.860,0.235,
95,42,0.981,1.565,
95,43,1.084,0.581,
95,44,1.172,1.805,
95,45,1.144,0.978,
95,46,1.642,1.920,
95,47,1.138,1.416,
95,48,0.701,0.310,
95,49,0.333,-0.794,
95,50,1.091,1.558,
96,1,0.370,0.477,
96,2,1.179,0.856,
96,3,1.036,0.241,
96,4,0.594,0.394,
96,5,0.597,-0.196,
96,6,1.076,0.511,
96,7,0.744,0.434,
96,8,1.054,1.663,
96,9,0.974,0.474,
96,10,1.071,0.303,
96,11,0.764,0.305,
96,12,1.171,0.961,
96,13,1.643,1.232,
96,14,1.889,1.394,
96,15,1.358,-0.267,
96,16,0.688,-0.234,
96,17,1.199,0.893,
96,18,1.908,1.346,
96,19,1.369,0.331,
96,20,0.451,0.271,
96,21,1.348,0.562,
96,22,0.851,1.009,
96,23,0.959,0.519,
96,24,0.640,0.118,
96,25,1.179,0.876,
96,26,1.212,1.485,
96,27,1.290,0.827,
96,28,1.495,1.290,
96,29,1.185,1.459,
96,30,1.238,0.786,
96,31,0.678,1.847,
96,32,0.421,-0.491,
96,33,1.199,0.743,
96,34,1.191,0.216,
96,35,0.204,1.110,
96,36,1.201,1.609,
96,37,0.725,-0.013,
96,38,1.589,1.480,
96,39,0.745,0.995,
96,40,0.623,0.067,
96,41,0.911,0.780,
96,42,0.533,0.416,
96,43,0.868,-0.216,
96,44,-0.037,-0.816,
96,45,0.824,1.056,
96,46,0.745,0.969,
96,47,1.575,0.678,
96,48,1.038,0.764,
96,49,0.578,0.660,
96,50,1.214,0.317,
97,1,1.259,2.501,
97,2,1.173,1.250,
97,3,1.578,2.576,
97,4,1.016,2.330,
97,5,0.204,0.477,
97,6,0.859,0.754,
97,7,0.962,1.197,
97,8,1.521,2.782,
97,9,1.382,1.958,
97,10,1.016,1.567,
97,11,0.925,2.098,
97,12,0.587,0.739,
97,13,1.146,1.355,
97,14,1.374,1.465,
97,15,1.155,1.642,
97,16,0.851,0.223,
97,17,0.603,0.875,
97,18,1.176,1.378,
97,19,1.756,3.332,
97,20,0.835,1.245,
97,21,0.649,1.497,
97,22,1.551,2.083,
97,23,0.486,0.100,
97,24,0.464,0.782,
97,25,0.934,1.456,
97,26,0.920,0.236,
97,27,1.307,2.009,
97,28,0.674,0.803,
97,29,1.121,1.132,
97,30,1.230,1.478,
97,31,0.351,0.745,
97,32,0.985,1.685,
97,33,0.994,1.476,
97,34,1.414,1.885,
97,35,0.560,2.081,
97,36,1.339,1.541,
97,37,0.378,0.883,
97,38,0.743,1.284,
97,39,1.160,0.618,
97,40,0.285,-0.213,
97,41,1.132,0.972,
97,42,1.238,1.509,
97,43,1.387,1.808,
97,44,0.925,1.892,
97,45,0.680,1.435,
97,46,1.241,1.682,
97,47,0.504,0.304,
97,48,0.822,1.230,
97,49,1.596,3.696,
97,50,1.642,2.466,
98,1,1.251,1.362,
98,2,1.386,0.843,
98,3,1.011,1.323,
98,4,1.108,1.562,
98,5,0.844,0.049,
98,6,1.263,2.469,
98,7,0.533,-0.046,
98,8,0.836,0.257,
98,9,0.945,0.991,
98,10,1.280,1.283,
98,11,0.457,0.633,
98,12,0.697,0.656,
98,13,0.984,0.245,
98,14,1.078,0.634,
98,15,0.532,-0.272,
98,16,0.582,0.291,
98,17,1.645,1.180,
98,18,1.091,2.008,
98,19,1.912,1.167,
98,20,1.492,1.975,
98,21,0.918,1.527,
98,22,0.994,0.005,
98,23,1.385,0.987,
98,24,0.575,0.062,
98,25,0.966,1.470,
98,26,1.464,1.796,
98,27,0.995,1.474,
98,28,1.668,1.754,
98,29,1.276,0.260,
98,30,0.389,-0.163,
98,31,1.041,1.818,
98,32,1.755,1.732,
98,33,0.983,0.269,
98,34,0.525,1.133,
98,35,0.820,1.515,
98,36,1.082,2.422,
98,37,0.601,0.686,
98,38,0.469,-0.294,
98,39,0.819,1.063,
98,40,0.841,0.900,
98,41,0.399,0.759,
98,42,0.047,-0.908,
98,43,0.643,0.693,
98,44,1.129,1.735,
98,45,0.814,1.238,
98,46,0.549,0.841,
98,47,0.799,0.571,
98,48,1.276,1.175,
98,49,0.479,0.632,
98,50,1.140,0.570,
99,1,0.950,1.582,
99,2,0.794,0.717,
99,3,0.333,0.112,
99,4,1.113,0.784,
99,5,0.433,1.366,
99,6,0.665,0.319,
99,7,1.234,1.908,
99,8,0.807,1.066,
99,9,0.958,1.028,
99,10,0.539,0.387,
99,11,0.822,-0.603,
99,12,1.110,2.025,
99,13,0.250,0.273,
99,14,0.709,1.337,
99,15,0.868,0.983,
99,16,1.504,1.602,
99,17,0.675,1.820,
99,18,0.523,0.588,
99,19,1.068,1.929,
99,20,1.683,2.301,
99,21,1.772,1.527,
99,22,1.561,1.717,
99,23,1.303,1.271,
99,24,1.079,1.587,
99,25,1.891,2.393,
99,26,1.072,1.683,
99,27,1.617,1.909,
99,28,0.840,0.904,
99,29,1.448,1.978,
99,30,1.285,1.563,
99,31,0.907,0.400,
99,32,0.614,1.057,
99,33,1.582,2.884,
99,34,0.798,1.166,
99,35,0.890,0.432,
99,36,1.393,1.984,
99,37,1.188,1.356,
99,38,0.872,1.095,
99,39,0.727,0.884,
99,40,0.374,0.051,
99,41,0.983,1.410,
99,42,1.078,2.057,
99,43,0.690,0.978,
99,44,1.838,2.949,
99,45,0.782,0.899,
99,46,-0.002,-0.418,
99,47,0.900,0.956,
99,48,0.460,0.284,
99,49,1.253,1.656,
99,50,1.448,1.744,
100,1,0.906,1.533,
100,2,1.432,2.421,
100,3,0.524,0.172,
100,4,0.708,0.517,
100,5,0.867,1.569,
100,6,1.635,2.689,
100,7,1.067,1.477,
100,8,1.132,1.877,
100,9,1.639,1.742,
100,10,0.948,2.113,
100,11,0.428,0.831,
100,12,0.881,1.014,
100,13,1.788,2.919,
100,14,1.136,1.379,
100,15,0.692,1.130,
100,16,0.100,0.044,
100,17,0.770,0.674,
100,18,0.991,0.928,
100,19,0.370,1.086,
100,20,0.915,2.263,
100,21,0.744,1.491,
100,22,0.583,1.034,
100,23,0.196,0.209,
100,24,0.722,0.068,
100,25,1.596,1.405,
100,26,1.034,1.410,
100,27,0.567,0.869,
100,28,0.631,0.448,
100,29,1.200,2.938,
100,30,1.079,1.668,
100,31,0.787,1.012,
100,32,1.069,1.005,
100,33,0.599,1.250,
100,34,0.250,1.285,
100,35,1.053,1.569,
100,36,1.249,2.313,
100,37,1.468,1.550,
100,38,1.436,1.471,
100,39,1.335,1.096,
100,40,1.092,1.458,
100,41,0.914,0.491,
100,42,0.726,0.752,
100,43,1.141,1.585,
100,44,0.750,0.964,
100,45,0.842,0.970,
100,46,0.964,1.521,
100,47,0.891,1.328,
100,48,1.190,1.993,
100,49,0.300,0.292,
100,50,0.821,-0.031,
,,,,
,, ,,
